model,hour,rows,mae
persistence,0,3392,1.5306603908538818
persistence,1,3840,0.8653646111488342
persistence,2,3840,0.6776041388511658
persistence,3,3776,0.9621292352676392
persistence,4,3136,1.0586735010147095
persistence,5,3712,2.4458513259887695
persistence,6,3840,4.860937595367432
persistence,7,3840,6.583073139190674
persistence,8,3840,5.276823043823242
persistence,9,3840,3.6773438453674316
persistence,10,3840,2.652864694595337
persistence,11,3840,3.9947917461395264
persistence,12,3840,3.8309895992279053
persistence,13,3840,3.335156202316284
persistence,14,3840,3.3450520038604736
persistence,15,3840,4.713541507720947
persistence,16,3648,5.933936595916748
persistence,17,3264,5.238664150238037
persistence,18,3840,5.110156059265137
persistence,19,3840,4.159635543823242
persistence,20,3840,3.480989694595337
persistence,21,3840,3.3455729484558105
persistence,22,3776,2.54952335357666
persistence,23,3456,2.2560763359069824
hgb,0,3392,1.7220876279342545
hgb,1,3840,1.097706487814659
hgb,2,3840,0.9545413796578214
hgb,3,3776,1.1357458686647246
hgb,4,3136,1.2188414988652279
hgb,5,3712,2.298710751966163
hgb,6,3840,4.040821044783911
hgb,7,3840,5.499387907869733
hgb,8,3840,4.686249723038691
hgb,9,3840,3.550913261706277
hgb,10,3840,2.6413479772306023
hgb,11,3840,3.674059807058138
hgb,12,3840,3.7696411694944434
hgb,13,3840,3.308337527648297
hgb,14,3840,3.2349166386516357
hgb,15,3840,4.300900352717516
hgb,16,3648,5.2464219167861454
hgb,17,3264,4.6957535530008405
hgb,18,3840,4.6348969592161495
hgb,19,3840,3.941407043259891
hgb,20,3840,3.4839596658224403
hgb,21,3840,3.3397975091959182
hgb,22,3776,2.7511080860890766
hgb,23,3456,2.3728543237519526
lstm_seed11,0,3392,1.6800496578216553
lstm_seed11,1,3840,1.0938092470169067
lstm_seed11,2,3840,0.9438192844390869
lstm_seed11,3,3776,1.1565420627593994
lstm_seed11,4,3136,1.2017955780029297
lstm_seed11,5,3712,2.1885650157928467
lstm_seed11,6,3840,4.056923866271973
lstm_seed11,7,3840,5.704413890838623
lstm_seed11,8,3840,4.86890983581543
lstm_seed11,9,3840,3.688145875930786
lstm_seed11,10,3840,2.7987313270568848
lstm_seed11,11,3840,3.7248544692993164
lstm_seed11,12,3840,3.867840528488159
lstm_seed11,13,3840,3.3601768016815186
lstm_seed11,14,3840,3.2920825481414795
lstm_seed11,15,3840,4.432058811187744
lstm_seed11,16,3648,5.439002513885498
lstm_seed11,17,3264,4.866641998291016
lstm_seed11,18,3840,4.757835865020752
lstm_seed11,19,3840,4.083363056182861
lstm_seed11,20,3840,3.617987632751465
lstm_seed11,21,3840,3.4798238277435303
lstm_seed11,22,3776,2.692603588104248
lstm_seed11,23,3456,2.333852767944336
lstm_seed29,0,3392,1.7702289819717407
lstm_seed29,1,3840,1.2158695459365845
lstm_seed29,2,3840,1.0683497190475464
lstm_seed29,3,3776,1.2172671556472778
lstm_seed29,4,3136,1.2724303007125854
lstm_seed29,5,3712,2.2892398834228516
lstm_seed29,6,3840,4.189879894256592
lstm_seed29,7,3840,5.666843891143799
lstm_seed29,8,3840,4.856226444244385
lstm_seed29,9,3840,3.7375361919403076
lstm_seed29,10,3840,2.7329206466674805
lstm_seed29,11,3840,3.764371633529663
lstm_seed29,12,3840,3.8735642433166504
lstm_seed29,13,3840,3.3868608474731445
lstm_seed29,14,3840,3.3235411643981934
lstm_seed29,15,3840,4.525988578796387
lstm_seed29,16,3648,5.536969184875488
lstm_seed29,17,3264,4.922814846038818
lstm_seed29,18,3840,4.75048303604126
lstm_seed29,19,3840,4.096832275390625
lstm_seed29,20,3840,3.5737907886505127
lstm_seed29,21,3840,3.4346861839294434
lstm_seed29,22,3776,2.7134487628936768
lstm_seed29,23,3456,2.3647053241729736
lstm_seed47,0,3392,1.696817398071289
lstm_seed47,1,3840,1.114517331123352
lstm_seed47,2,3840,0.9583877325057983
lstm_seed47,3,3776,1.1772218942642212
lstm_seed47,4,3136,1.2140593528747559
lstm_seed47,5,3712,2.326136827468872
lstm_seed47,6,3840,4.30302095413208
lstm_seed47,7,3840,5.95273494720459
lstm_seed47,8,3840,4.977884769439697
lstm_seed47,9,3840,3.7497172355651855
lstm_seed47,10,3840,2.781306028366089
lstm_seed47,11,3840,3.7407491207122803
lstm_seed47,12,3840,3.9337170124053955
lstm_seed47,13,3840,3.4079675674438477
lstm_seed47,14,3840,3.3212954998016357
lstm_seed47,15,3840,4.518446445465088
lstm_seed47,16,3648,5.519101142883301
lstm_seed47,17,3264,4.921498775482178
lstm_seed47,18,3840,4.794554710388184
lstm_seed47,19,3840,4.098996639251709
lstm_seed47,20,3840,3.6135993003845215
lstm_seed47,21,3840,3.4611358642578125
lstm_seed47,22,3776,2.6838784217834473
lstm_seed47,23,3456,2.3586349487304688
lstm_ensemble,0,3392,1.6949011087417603
lstm_ensemble,1,3840,1.1124376058578491
lstm_ensemble,2,3840,0.9527259469032288
lstm_ensemble,3,3776,1.144952416419983
lstm_ensemble,4,3136,1.1965341567993164
lstm_ensemble,5,3712,2.2171247005462646
lstm_ensemble,6,3840,4.122058391571045
lstm_ensemble,7,3840,5.724674701690674
lstm_ensemble,8,3840,4.8614420890808105
lstm_ensemble,9,3840,3.69305419921875
lstm_ensemble,10,3840,2.7319223880767822
lstm_ensemble,11,3840,3.7159759998321533
lstm_ensemble,12,3840,3.8677000999450684
lstm_ensemble,13,3840,3.3688340187072754
lstm_ensemble,14,3840,3.2895326614379883
lstm_ensemble,15,3840,4.473459720611572
lstm_ensemble,16,3648,5.484829425811768
lstm_ensemble,17,3264,4.891057968139648
lstm_ensemble,18,3840,4.751985549926758
lstm_ensemble,19,3840,4.07477331161499
lstm_ensemble,20,3840,3.585662603378296
lstm_ensemble,21,3840,3.441981315612793
lstm_ensemble,22,3776,2.679002046585083
lstm_ensemble,23,3456,2.3322389125823975
