scenario,variant,method,objective,target_deviation,moved_bikes,bike_km_proxy,transfer_penalty,status,solve_seconds,constraints_verified
2026-09-14 07:00 Asia/Taipei,base,no_transfer,76.87706634841511,76.87706634841511,0,0.0,0.0,feasible,0.0,True
2026-09-14 07:00 Asia/Taipei,base,greedy,71.34314246213425,70.99582516728282,3,1.9731729485142946,0.3473172948514295,feasible,0.021049291000000192,True
2026-09-14 07:00 Asia/Taipei,base,milp,71.34314246213425,70.99582516728282,3,1.9731729485142946,0.3473172948514295,optimal,0.005355540999999908,True
2026-09-14 07:00 Asia/Taipei,resource_0,no_transfer,76.87706634841511,76.87706634841511,0,0.0,0.0,feasible,0.0,True
2026-09-14 07:00 Asia/Taipei,resource_0,greedy,76.87706634841511,76.87706634841511,0,0.0,0.0,feasible,2.3749999999989058e-05,True
2026-09-14 07:00 Asia/Taipei,resource_0,milp,76.87706634841511,76.87706634841511,0,0.0,0.0,optimal_no_improvement_no_transfer,0.0007087500000000357,True
2026-09-14 07:00 Asia/Taipei,resource_6,no_transfer,76.87706634841511,76.87706634841511,0,0.0,0.0,feasible,0.0,True
2026-09-14 07:00 Asia/Taipei,resource_6,greedy,71.34314246213425,70.99582516728282,3,1.9731729485142946,0.3473172948514295,feasible,0.02056849999999999,True
2026-09-14 07:00 Asia/Taipei,resource_6,milp,71.34314246213425,70.99582516728282,3,1.9731729485142946,0.3473172948514295,optimal,0.0016907919999999965,True
2026-09-14 07:00 Asia/Taipei,resource_24,no_transfer,76.87706634841511,76.87706634841511,0,0.0,0.0,feasible,0.0,True
2026-09-14 07:00 Asia/Taipei,resource_24,greedy,71.34314246213425,70.99582516728282,3,1.9731729485142946,0.3473172948514295,feasible,0.020329749999999924,True
2026-09-14 07:00 Asia/Taipei,resource_24,milp,71.34314246213425,70.99582516728282,3,1.9731729485142946,0.3473172948514295,optimal,0.001835167000000082,True
2026-09-14 07:00 Asia/Taipei,distance_cost_0.0,no_transfer,76.87706634841511,76.87706634841511,0,0.0,0.0,feasible,0.0,True
2026-09-14 07:00 Asia/Taipei,distance_cost_0.0,greedy,71.14582516728282,70.99582516728282,3,5.39738993772146,0.15000000000000002,feasible,0.020047624999999902,True
2026-09-14 07:00 Asia/Taipei,distance_cost_0.0,milp,71.14582516728282,70.99582516728282,3,6.384618633848471,0.15000000000000002,optimal,0.0018548330000001112,True
2026-09-14 07:00 Asia/Taipei,distance_cost_10.0,no_transfer,76.87706634841511,76.87706634841511,0,0.0,0.0,feasible,0.0,True
2026-09-14 07:00 Asia/Taipei,distance_cost_10.0,greedy,76.87706634841511,76.87706634841511,0,0.0,0.0,feasible,0.005110291000000267,True
2026-09-14 07:00 Asia/Taipei,distance_cost_10.0,milp,76.87706634841511,76.87706634841511,0,0.0,0.0,optimal_no_improvement_no_transfer,0.009536583000000043,True
2026-09-14 12:00 Asia/Taipei,base,no_transfer,117.22207919751197,117.22207919751197,0,0.0,0.0,feasible,0.0,True
2026-09-14 12:00 Asia/Taipei,base,greedy,94.44502004322736,93.22207919751197,12,6.229408457153839,1.2229408457153839,feasible,0.058766541999999866,True
2026-09-14 12:00 Asia/Taipei,base,milp,94.44502004322736,93.22207919751197,12,6.229408457153839,1.2229408457153839,optimal,0.002555915999999936,True
2026-09-14 12:00 Asia/Taipei,resource_0,no_transfer,117.22207919751197,117.22207919751197,0,0.0,0.0,feasible,0.0,True
2026-09-14 12:00 Asia/Taipei,resource_0,greedy,117.22207919751197,117.22207919751197,0,0.0,0.0,feasible,2.3875000000117552e-05,True
2026-09-14 12:00 Asia/Taipei,resource_0,milp,117.22207919751197,117.22207919751197,0,0.0,0.0,optimal_no_improvement_no_transfer,0.0006508329999999063,True
2026-09-14 12:00 Asia/Taipei,resource_6,no_transfer,117.22207919751197,117.22207919751197,0,0.0,0.0,feasible,0.0,True
2026-09-14 12:00 Asia/Taipei,resource_6,greedy,105.7653029644764,105.22207919751197,6,2.432237669644308,0.5432237669644309,feasible,0.028925874999999657,True
2026-09-14 12:00 Asia/Taipei,resource_6,milp,105.7653029644764,105.22207919751197,6,2.432237669644308,0.5432237669644309,optimal,0.002115000000000311,True
2026-09-14 12:00 Asia/Taipei,resource_24,no_transfer,117.22207919751197,117.22207919751197,0,0.0,0.0,feasible,0.0,True
2026-09-14 12:00 Asia/Taipei,resource_24,greedy,72.02599874743501,69.22207919751197,24,16.039195499230306,2.803919549923031,feasible,0.11478395799999985,True
2026-09-14 12:00 Asia/Taipei,resource_24,milp,72.02599874743501,69.22207919751197,24,16.039195499230306,2.803919549923031,optimal,0.0032604169999999044,True
2026-09-14 12:00 Asia/Taipei,distance_cost_0.0,no_transfer,117.22207919751197,117.22207919751197,0,0.0,0.0,feasible,0.0,True
2026-09-14 12:00 Asia/Taipei,distance_cost_0.0,greedy,93.82207919751197,93.22207919751197,12,24.948394168622887,0.6000000000000001,feasible,0.05803087500000004,True
2026-09-14 12:00 Asia/Taipei,distance_cost_0.0,milp,93.82207919751197,93.22207919751197,12,20.180846328961184,0.6000000000000001,optimal,0.002199332999999637,True
2026-09-14 12:00 Asia/Taipei,distance_cost_10.0,no_transfer,117.22207919751197,117.22207919751197,0,0.0,0.0,feasible,0.0,True
2026-09-14 12:00 Asia/Taipei,distance_cost_10.0,greedy,117.22207919751197,117.22207919751197,0,0.0,0.0,feasible,0.004910542000000184,True
2026-09-14 12:00 Asia/Taipei,distance_cost_10.0,milp,117.22207919751197,117.22207919751197,0,0.0,0.0,optimal_no_improvement_no_transfer,0.0016780830000002744,True
2026-09-14 17:00 Asia/Taipei,base,no_transfer,71.49233059301581,71.49233059301581,0,0.0,0.0,feasible,0.0,True
2026-09-14 17:00 Asia/Taipei,base,greedy,48.7313240240874,47.49233059301582,12,6.389934310715795,1.2389934310715796,feasible,0.05786579100000022,True
2026-09-14 17:00 Asia/Taipei,base,milp,48.7313240240874,47.49233059301582,12,6.389934310715795,1.2389934310715796,optimal,0.0031262090000003795,True
2026-09-14 17:00 Asia/Taipei,resource_0,no_transfer,71.49233059301581,71.49233059301581,0,0.0,0.0,feasible,0.0,True
2026-09-14 17:00 Asia/Taipei,resource_0,greedy,71.49233059301581,71.49233059301581,0,0.0,0.0,feasible,2.6625000000279897e-05,True
2026-09-14 17:00 Asia/Taipei,resource_0,milp,71.49233059301581,71.49233059301581,0,0.0,0.0,optimal_no_improvement_no_transfer,0.0007076669999999119,True
2026-09-14 17:00 Asia/Taipei,resource_6,no_transfer,71.49233059301581,71.49233059301581,0,0.0,0.0,feasible,0.0,True
2026-09-14 17:00 Asia/Taipei,resource_6,greedy,60.03179823419157,59.49233059301582,6,2.3946764117574584,0.5394676411757459,feasible,0.029427083999999937,True
2026-09-14 17:00 Asia/Taipei,resource_6,milp,60.03179823419157,59.49233059301582,6,2.3946764117574584,0.5394676411757459,optimal,0.002336166000000084,True
2026-09-14 17:00 Asia/Taipei,resource_24,no_transfer,71.49233059301581,71.49233059301581,0,0.0,0.0,feasible,0.0,True
2026-09-14 17:00 Asia/Taipei,resource_24,greedy,42.88028651208672,41.06711574667787,17,9.63170765408847,1.813170765408847,feasible,0.08821187500000027,True
2026-09-14 17:00 Asia/Taipei,resource_24,milp,42.88028651208672,41.06711574667787,17,9.63170765408847,1.813170765408847,optimal,0.0030882910000000763,True
2026-09-14 17:00 Asia/Taipei,distance_cost_0.0,no_transfer,71.49233059301581,71.49233059301581,0,0.0,0.0,feasible,0.0,True
2026-09-14 17:00 Asia/Taipei,distance_cost_0.0,greedy,48.09233059301581,47.49233059301581,12,29.072753478619077,0.6000000000000001,feasible,0.05737033300000016,True
2026-09-14 17:00 Asia/Taipei,distance_cost_0.0,milp,48.09233059301581,47.49233059301581,12,20.182308242017783,0.6000000000000001,optimal,0.007135583000000167,True
2026-09-14 17:00 Asia/Taipei,distance_cost_10.0,no_transfer,71.49233059301581,71.49233059301581,0,0.0,0.0,feasible,0.0,True
2026-09-14 17:00 Asia/Taipei,distance_cost_10.0,greedy,71.49233059301581,71.49233059301581,0,0.0,0.0,feasible,0.004774374999999775,True
2026-09-14 17:00 Asia/Taipei,distance_cost_10.0,milp,71.49233059301581,71.49233059301581,0,0.0,0.0,optimal_no_improvement_no_transfer,0.0013702079999999839,True
2026-09-15 07:00 Asia/Taipei,base,no_transfer,61.302419617579474,61.302419617579474,0,0.0,0.0,feasible,0.0,True
2026-09-15 07:00 Asia/Taipei,base,greedy,38.38135489993098,37.30241961757949,12,4.789352823514917,1.0789352823514917,feasible,0.06103329199999985,True
2026-09-15 07:00 Asia/Taipei,base,milp,38.38135489993098,37.30241961757949,12,4.789352823514917,1.0789352823514917,optimal,0.00226870899999998,True
2026-09-15 07:00 Asia/Taipei,resource_0,no_transfer,61.302419617579474,61.302419617579474,0,0.0,0.0,feasible,0.0,True
2026-09-15 07:00 Asia/Taipei,resource_0,greedy,61.302419617579474,61.302419617579474,0,0.0,0.0,feasible,2.404199999972434e-05,True
2026-09-15 07:00 Asia/Taipei,resource_0,milp,61.302419617579474,61.302419617579474,0,0.0,0.0,optimal_no_improvement_no_transfer,0.0006464589999999326,True
2026-09-15 07:00 Asia/Taipei,resource_6,no_transfer,61.302419617579474,61.302419617579474,0,0.0,0.0,feasible,0.0,True
2026-09-15 07:00 Asia/Taipei,resource_6,greedy,49.8183447221866,49.302419617579474,6,2.159251046071264,0.5159251046071265,feasible,0.030485082999999857,True
2026-09-15 07:00 Asia/Taipei,resource_6,milp,49.8183447221866,49.302419617579474,6,2.159251046071264,0.5159251046071265,optimal,0.0012422090000003827,True
2026-09-15 07:00 Asia/Taipei,resource_24,no_transfer,61.302419617579474,61.302419617579474,0,0.0,0.0,feasible,0.0,True
2026-09-15 07:00 Asia/Taipei,resource_24,greedy,24.036197223694906,21.439055212571073,22,14.971420111238304,2.5971420111238306,feasible,0.11502487500000003,True
2026-09-15 07:00 Asia/Taipei,resource_24,milp,23.99719293284014,21.439055212571073,22,14.58137720269066,2.558137720269066,optimal,0.0041325000000003165,True
2026-09-15 07:00 Asia/Taipei,distance_cost_0.0,no_transfer,61.302419617579474,61.302419617579474,0,0.0,0.0,feasible,0.0,True
2026-09-15 07:00 Asia/Taipei,distance_cost_0.0,greedy,37.90241961757949,37.30241961757949,12,25.967890542478933,0.6000000000000001,feasible,0.05988308299999989,True
2026-09-15 07:00 Asia/Taipei,distance_cost_0.0,milp,37.90241961757949,37.30241961757949,12,12.149085795385279,0.6000000000000001,optimal,0.005738207999999911,True
2026-09-15 07:00 Asia/Taipei,distance_cost_10.0,no_transfer,61.302419617579474,61.302419617579474,0,0.0,0.0,feasible,0.0,True
2026-09-15 07:00 Asia/Taipei,distance_cost_10.0,greedy,61.302419617579474,61.302419617579474,0,0.0,0.0,feasible,0.005170249999999932,True
2026-09-15 07:00 Asia/Taipei,distance_cost_10.0,milp,61.302419617579474,61.302419617579474,0,0.0,0.0,optimal_no_improvement_no_transfer,0.0011687080000002403,True
2026-09-15 12:00 Asia/Taipei,base,no_transfer,99.18771603266143,99.18771603266143,0,0.0,0.0,feasible,0.0,True
2026-09-15 12:00 Asia/Taipei,base,greedy,76.63204076786782,75.3702529535821,12,6.617878142857303,1.2617878142857304,feasible,0.05479758400000012,True
2026-09-15 12:00 Asia/Taipei,base,milp,76.63204076786782,75.3702529535821,12,6.617878142857303,1.2617878142857304,optimal,0.002694916999999908,True
2026-09-15 12:00 Asia/Taipei,resource_0,no_transfer,99.18771603266143,99.18771603266143,0,0.0,0.0,feasible,0.0,True
2026-09-15 12:00 Asia/Taipei,resource_0,greedy,99.18771603266143,99.18771603266143,0,0.0,0.0,feasible,2.329099999975881e-05,True
2026-09-15 12:00 Asia/Taipei,resource_0,milp,99.18771603266143,99.18771603266143,0,0.0,0.0,optimal_no_improvement_no_transfer,0.0006230419999999626,True
2026-09-15 12:00 Asia/Taipei,resource_6,no_transfer,99.18771603266143,99.18771603266143,0,0.0,0.0,feasible,0.0,True
2026-09-15 12:00 Asia/Taipei,resource_6,greedy,87.75823846198317,87.18771603266143,6,2.705224293217353,0.5705224293217354,feasible,0.0273734590000001,True
2026-09-15 12:00 Asia/Taipei,resource_6,milp,87.75823846198317,87.18771603266143,6,2.705224293217353,0.5705224293217354,optimal,0.0020220420000001127,True
2026-09-15 12:00 Asia/Taipei,resource_24,no_transfer,99.18771603266143,99.18771603266143,0,0.0,0.0,feasible,0.0,True
2026-09-15 12:00 Asia/Taipei,resource_24,greedy,74.78233864482186,73.32127713330979,14,7.610615115120769,1.461061511512077,feasible,0.06861316700000009,True
2026-09-15 12:00 Asia/Taipei,resource_24,milp,74.78233864482186,73.32127713330979,14,7.610615115120769,1.461061511512077,optimal,0.0025040000000000617,True
2026-09-15 12:00 Asia/Taipei,distance_cost_0.0,no_transfer,99.18771603266143,99.18771603266143,0,0.0,0.0,feasible,0.0,True
2026-09-15 12:00 Asia/Taipei,distance_cost_0.0,greedy,75.97025295358209,75.3702529535821,12,17.517639588620206,0.6000000000000001,feasible,0.055003792000000384,True
2026-09-15 12:00 Asia/Taipei,distance_cost_0.0,milp,75.97025295358209,75.3702529535821,12,20.02742296713023,0.6000000000000001,optimal,0.0027033340000000017,True
2026-09-15 12:00 Asia/Taipei,distance_cost_10.0,no_transfer,99.18771603266143,99.18771603266143,0,0.0,0.0,feasible,0.0,True
2026-09-15 12:00 Asia/Taipei,distance_cost_10.0,greedy,99.18771603266143,99.18771603266143,0,0.0,0.0,feasible,0.004638874999999931,True
2026-09-15 12:00 Asia/Taipei,distance_cost_10.0,milp,99.18771603266143,99.18771603266143,0,0.0,0.0,optimal_no_improvement_no_transfer,0.0013355840000000008,True
2026-09-15 17:00 Asia/Taipei,base,no_transfer,105.02420212218475,105.02420212218475,0,0.0,0.0,feasible,0.0,True
2026-09-15 17:00 Asia/Taipei,base,greedy,82.056052331399,81.02420212218475,12,4.318502092142528,1.031850209214253,feasible,0.055672667000000065,True
2026-09-15 17:00 Asia/Taipei,base,milp,82.056052331399,81.02420212218475,12,4.318502092142528,1.031850209214253,optimal,0.0017891670000000914,True
2026-09-15 17:00 Asia/Taipei,resource_0,no_transfer,105.02420212218475,105.02420212218475,0,0.0,0.0,feasible,0.0,True
2026-09-15 17:00 Asia/Taipei,resource_0,greedy,105.02420212218475,105.02420212218475,0,0.0,0.0,feasible,2.3124999999790674e-05,True
2026-09-15 17:00 Asia/Taipei,resource_0,milp,105.02420212218475,105.02420212218475,0,0.0,0.0,optimal_no_improvement_no_transfer,0.0006402500000000089,True
2026-09-15 17:00 Asia/Taipei,resource_6,no_transfer,105.02420212218475,105.02420212218475,0,0.0,0.0,feasible,0.0,True
2026-09-15 17:00 Asia/Taipei,resource_6,greedy,93.54012722679187,93.02420212218475,6,2.159251046071264,0.5159251046071265,feasible,0.02741745799999995,True
2026-09-15 17:00 Asia/Taipei,resource_6,milp,93.54012722679187,93.02420212218475,6,2.159251046071264,0.5159251046071265,optimal,0.0016230419999998524,True
2026-09-15 17:00 Asia/Taipei,resource_24,no_transfer,105.02420212218475,105.02420212218475,0,0.0,0.0,feasible,0.0,True
2026-09-15 17:00 Asia/Taipei,resource_24,greedy,59.58414810664226,57.02420212218475,24,13.599459844575172,2.559945984457517,feasible,0.10948395800000021,True
2026-09-15 17:00 Asia/Taipei,resource_24,milp,59.58414810664226,57.02420212218475,24,13.599459844575172,2.559945984457517,optimal,0.002957083999999721,True
2026-09-15 17:00 Asia/Taipei,distance_cost_0.0,no_transfer,105.02420212218475,105.02420212218475,0,0.0,0.0,feasible,0.0,True
2026-09-15 17:00 Asia/Taipei,distance_cost_0.0,greedy,81.62420212218474,81.02420212218475,12,22.09034575845036,0.6000000000000001,feasible,0.05491420800000002,True
2026-09-15 17:00 Asia/Taipei,distance_cost_0.0,milp,81.62420212218476,81.02420212218476,12,24.13452684557834,0.6000000000000001,optimal,0.0030049170000001624,True
2026-09-15 17:00 Asia/Taipei,distance_cost_10.0,no_transfer,105.02420212218475,105.02420212218475,0,0.0,0.0,feasible,0.0,True
2026-09-15 17:00 Asia/Taipei,distance_cost_10.0,greedy,105.02420212218475,105.02420212218475,0,0.0,0.0,feasible,0.0046875420000001,True
2026-09-15 17:00 Asia/Taipei,distance_cost_10.0,milp,105.02420212218475,105.02420212218475,0,0.0,0.0,optimal_no_improvement_no_transfer,0.0015435419999998423,True
2026-09-16 07:00 Asia/Taipei,base,no_transfer,87.8029671098415,87.8029671098415,0,0.0,0.0,feasible,0.0,True
2026-09-16 07:00 Asia/Taipei,base,greedy,72.83659375242051,71.72994274885917,9,6.566510035613397,1.1066510035613397,feasible,0.04964754200000021,True
2026-09-16 07:00 Asia/Taipei,base,milp,72.83659375242051,71.72994274885917,9,6.566510035613397,1.1066510035613397,optimal,0.0030360830000000227,True
2026-09-16 07:00 Asia/Taipei,resource_0,no_transfer,87.8029671098415,87.8029671098415,0,0.0,0.0,feasible,0.0,True
2026-09-16 07:00 Asia/Taipei,resource_0,greedy,87.8029671098415,87.8029671098415,0,0.0,0.0,feasible,2.562500000014012e-05,True
2026-09-16 07:00 Asia/Taipei,resource_0,milp,87.8029671098415,87.8029671098415,0,0.0,0.0,optimal_no_improvement_no_transfer,0.0006647499999998807,True
2026-09-16 07:00 Asia/Taipei,resource_6,no_transfer,87.8029671098415,87.8029671098415,0,0.0,0.0,feasible,0.0,True
2026-09-16 07:00 Asia/Taipei,resource_6,greedy,76.48966950994193,75.80296710984149,6,3.86702400100447,0.6867024001004471,feasible,0.02979300000000018,True
2026-09-16 07:00 Asia/Taipei,resource_6,milp,76.48966950994193,75.80296710984149,6,3.86702400100447,0.6867024001004471,optimal,0.002572875000000252,True
2026-09-16 07:00 Asia/Taipei,resource_24,no_transfer,87.8029671098415,87.8029671098415,0,0.0,0.0,feasible,0.0,True
2026-09-16 07:00 Asia/Taipei,resource_24,greedy,72.83659375242051,71.72994274885917,9,6.566510035613397,1.1066510035613397,feasible,0.04993929199999991,True
2026-09-16 07:00 Asia/Taipei,resource_24,milp,72.83659375242051,71.72994274885917,9,6.566510035613397,1.1066510035613397,optimal,0.002782832999999929,True
2026-09-16 07:00 Asia/Taipei,distance_cost_0.0,no_transfer,87.8029671098415,87.8029671098415,0,0.0,0.0,feasible,0.0,True
2026-09-16 07:00 Asia/Taipei,distance_cost_0.0,greedy,72.14983778602088,71.64983778602088,10,13.328124772633617,0.5,feasible,0.05496633300000031,True
2026-09-16 07:00 Asia/Taipei,distance_cost_0.0,milp,72.14983778602088,71.64983778602088,10,15.886022902583695,0.5,optimal,0.00469766699999985,True
2026-09-16 07:00 Asia/Taipei,distance_cost_10.0,no_transfer,87.8029671098415,87.8029671098415,0,0.0,0.0,feasible,0.0,True
2026-09-16 07:00 Asia/Taipei,distance_cost_10.0,greedy,87.8029671098415,87.8029671098415,0,0.0,0.0,feasible,0.005068041999999995,True
2026-09-16 07:00 Asia/Taipei,distance_cost_10.0,milp,87.8029671098415,87.8029671098415,0,0.0,0.0,optimal_no_improvement_no_transfer,0.001076165999999823,True
2026-09-16 12:00 Asia/Taipei,base,no_transfer,108.5242531124976,108.5242531124976,0,0.0,0.0,feasible,0.0,True
2026-09-16 12:00 Asia/Taipei,base,greedy,100.9658857578353,100.30714463108211,5,4.087411267531862,0.6587411267531862,feasible,0.027609792000000244,True
2026-09-16 12:00 Asia/Taipei,base,milp,100.9658857578353,100.30714463108211,5,4.087411267531862,0.6587411267531862,optimal,0.0028679999999998707,True
2026-09-16 12:00 Asia/Taipei,resource_0,no_transfer,108.5242531124976,108.5242531124976,0,0.0,0.0,feasible,0.0,True
2026-09-16 12:00 Asia/Taipei,resource_0,greedy,108.5242531124976,108.5242531124976,0,0.0,0.0,feasible,2.3124999999790674e-05,True
2026-09-16 12:00 Asia/Taipei,resource_0,milp,108.5242531124976,108.5242531124976,0,0.0,0.0,optimal_no_improvement_no_transfer,0.0006238750000000515,True
2026-09-16 12:00 Asia/Taipei,resource_6,no_transfer,108.5242531124976,108.5242531124976,0,0.0,0.0,feasible,0.0,True
2026-09-16 12:00 Asia/Taipei,resource_6,greedy,100.9658857578353,100.30714463108211,5,4.087411267531862,0.6587411267531862,feasible,0.027624167000000366,True
2026-09-16 12:00 Asia/Taipei,resource_6,milp,100.9658857578353,100.30714463108211,5,4.087411267531862,0.6587411267531862,optimal,0.0024982919999998465,True
2026-09-16 12:00 Asia/Taipei,resource_24,no_transfer,108.5242531124976,108.5242531124976,0,0.0,0.0,feasible,0.0,True
2026-09-16 12:00 Asia/Taipei,resource_24,greedy,100.9658857578353,100.30714463108211,5,4.087411267531862,0.6587411267531862,feasible,0.027306875000000286,True
2026-09-16 12:00 Asia/Taipei,resource_24,milp,100.9658857578353,100.30714463108211,5,4.087411267531862,0.6587411267531862,optimal,0.0030697919999997936,True
2026-09-16 12:00 Asia/Taipei,distance_cost_0.0,no_transfer,108.5242531124976,108.5242531124976,0,0.0,0.0,feasible,0.0,True
2026-09-16 12:00 Asia/Taipei,distance_cost_0.0,greedy,100.55714463108211,100.30714463108211,5,6.994072380721862,0.25,feasible,0.027531583999999665,True
2026-09-16 12:00 Asia/Taipei,distance_cost_0.0,milp,100.55714463108211,100.30714463108211,5,4.087411267531862,0.25,optimal,0.0017557919999999783,True
2026-09-16 12:00 Asia/Taipei,distance_cost_10.0,no_transfer,108.5242531124976,108.5242531124976,0,0.0,0.0,feasible,0.0,True
2026-09-16 12:00 Asia/Taipei,distance_cost_10.0,greedy,108.5242531124976,108.5242531124976,0,0.0,0.0,feasible,0.004706666000000137,True
2026-09-16 12:00 Asia/Taipei,distance_cost_10.0,milp,108.5242531124976,108.5242531124976,0,0.0,0.0,optimal_no_improvement_no_transfer,0.0010480419999998603,True
2026-09-16 17:00 Asia/Taipei,base,no_transfer,96.84933491868131,96.84933491868131,0,0.0,0.0,feasible,0.0,True
2026-09-16 17:00 Asia/Taipei,base,greedy,79.9769251716488,78.97242755277853,9,5.544976188702725,1.0044976188702726,feasible,0.048247458000000076,True
2026-09-16 17:00 Asia/Taipei,base,milp,79.9769251716488,78.97242755277853,9,5.544976188702725,1.0044976188702726,optimal,0.001987000000000183,True
2026-09-16 17:00 Asia/Taipei,resource_0,no_transfer,96.84933491868131,96.84933491868131,0,0.0,0.0,feasible,0.0,True
2026-09-16 17:00 Asia/Taipei,resource_0,greedy,96.84933491868131,96.84933491868131,0,0.0,0.0,feasible,2.2583999999881144e-05,True
2026-09-16 17:00 Asia/Taipei,resource_0,milp,96.84933491868131,96.84933491868131,0,0.0,0.0,optimal_no_improvement_no_transfer,0.0006220000000003445,True
2026-09-16 17:00 Asia/Taipei,resource_6,no_transfer,96.84933491868131,96.84933491868131,0,0.0,0.0,feasible,0.0,True
2026-09-16 17:00 Asia/Taipei,resource_6,greedy,85.51275762031415,84.84933491868131,6,3.6342270163284565,0.6634227016328458,feasible,0.029179917,True
2026-09-16 17:00 Asia/Taipei,resource_6,milp,85.51275762031415,84.84933491868131,6,3.6342270163284565,0.6634227016328458,optimal,0.0021168330000000957,True
2026-09-16 17:00 Asia/Taipei,resource_24,no_transfer,96.84933491868131,96.84933491868131,0,0.0,0.0,feasible,0.0,True
2026-09-16 17:00 Asia/Taipei,resource_24,greedy,79.9769251716488,78.97242755277853,9,5.544976188702725,1.0044976188702726,feasible,0.04829212500000013,True
2026-09-16 17:00 Asia/Taipei,resource_24,milp,79.9769251716488,78.97242755277853,9,5.544976188702725,1.0044976188702726,optimal,0.0019792079999998435,True
2026-09-16 17:00 Asia/Taipei,distance_cost_0.0,no_transfer,96.84933491868131,96.84933491868131,0,0.0,0.0,feasible,0.0,True
2026-09-16 17:00 Asia/Taipei,distance_cost_0.0,greedy,79.42242755277853,78.97242755277853,9,14.813387866537003,0.45,feasible,0.04847000000000001,True
2026-09-16 17:00 Asia/Taipei,distance_cost_0.0,milp,79.42242755277853,78.97242755277853,9,11.788870989574342,0.45,optimal,0.0026327499999996284,True
2026-09-16 17:00 Asia/Taipei,distance_cost_10.0,no_transfer,96.84933491868131,96.84933491868131,0,0.0,0.0,feasible,0.0,True
2026-09-16 17:00 Asia/Taipei,distance_cost_10.0,greedy,96.84933491868131,96.84933491868131,0,0.0,0.0,feasible,0.0048710410000003534,True
2026-09-16 17:00 Asia/Taipei,distance_cost_10.0,milp,96.84933491868131,96.84933491868131,0,0.0,0.0,optimal_no_improvement_no_transfer,0.0013264579999998638,True
2026-09-17 07:00 Asia/Taipei,base,no_transfer,81.71142643197427,81.71142643197427,0,0.0,0.0,feasible,0.0,True
2026-09-17 07:00 Asia/Taipei,base,greedy,66.97356293999998,65.91108138566165,8,6.624815543383375,1.0624815543383375,feasible,0.04603637499999991,True
2026-09-17 07:00 Asia/Taipei,base,milp,66.97356293999998,65.91108138566165,8,6.624815543383375,1.0624815543383375,optimal,0.004924124999999613,True
2026-09-17 07:00 Asia/Taipei,resource_0,no_transfer,81.71142643197427,81.71142643197427,0,0.0,0.0,feasible,0.0,True
2026-09-17 07:00 Asia/Taipei,resource_0,greedy,81.71142643197427,81.71142643197427,0,0.0,0.0,feasible,2.3749999999989058e-05,True
2026-09-17 07:00 Asia/Taipei,resource_0,milp,81.71142643197427,81.71142643197427,0,0.0,0.0,optimal_no_improvement_no_transfer,0.000697875000000181,True
2026-09-17 07:00 Asia/Taipei,resource_6,no_transfer,81.71142643197427,81.71142643197427,0,0.0,0.0,feasible,0.0,True
2026-09-17 07:00 Asia/Taipei,resource_6,greedy,70.49932796555338,69.71142643197426,6,4.879015335791195,0.7879015335791195,feasible,0.02985095900000001,True
2026-09-17 07:00 Asia/Taipei,resource_6,milp,70.49932796555338,69.71142643197426,6,4.879015335791195,0.7879015335791195,optimal,0.0026621659999999103,True
2026-09-17 07:00 Asia/Taipei,resource_24,no_transfer,81.71142643197427,81.71142643197427,0,0.0,0.0,feasible,0.0,True
2026-09-17 07:00 Asia/Taipei,resource_24,greedy,66.97356293999998,65.91108138566165,8,6.624815543383375,1.0624815543383375,feasible,0.04478175000000029,True
2026-09-17 07:00 Asia/Taipei,resource_24,milp,66.97356293999998,65.91108138566165,8,6.624815543383375,1.0624815543383375,optimal,0.002902416999999602,True
2026-09-17 07:00 Asia/Taipei,distance_cost_0.0,no_transfer,81.71142643197427,81.71142643197427,0,0.0,0.0,feasible,0.0,True
2026-09-17 07:00 Asia/Taipei,distance_cost_0.0,greedy,66.31108138566165,65.91108138566165,8,9.65639963448861,0.4,feasible,0.04501374999999985,True
2026-09-17 07:00 Asia/Taipei,distance_cost_0.0,milp,66.31108138566165,65.91108138566165,8,15.81738747069733,0.4,optimal,0.0027113749999996273,True
2026-09-17 07:00 Asia/Taipei,distance_cost_10.0,no_transfer,81.71142643197427,81.71142643197427,0,0.0,0.0,feasible,0.0,True
2026-09-17 07:00 Asia/Taipei,distance_cost_10.0,greedy,81.71142643197427,81.71142643197427,0,0.0,0.0,feasible,0.0051218750000003865,True
2026-09-17 07:00 Asia/Taipei,distance_cost_10.0,milp,81.71142643197427,81.71142643197427,0,0.0,0.0,optimal_no_improvement_no_transfer,0.0015728329999999957,True
2026-09-17 12:00 Asia/Taipei,base,no_transfer,108.9918268220008,108.9918268220008,0,0.0,0.0,feasible,0.0,True
2026-09-17 12:00 Asia/Taipei,base,greedy,100.36570925296677,99.75826273252741,6,3.0744652043935874,0.6074465204393589,feasible,0.03220920800000027,True
2026-09-17 12:00 Asia/Taipei,base,milp,100.36570925296677,99.75826273252741,6,3.0744652043935874,0.6074465204393589,optimal,0.0026328329999998346,True
2026-09-17 12:00 Asia/Taipei,resource_0,no_transfer,108.9918268220008,108.9918268220008,0,0.0,0.0,feasible,0.0,True
2026-09-17 12:00 Asia/Taipei,resource_0,greedy,108.9918268220008,108.9918268220008,0,0.0,0.0,feasible,2.379199999946735e-05,True
2026-09-17 12:00 Asia/Taipei,resource_0,milp,108.9918268220008,108.9918268220008,0,0.0,0.0,optimal_no_improvement_no_transfer,0.0006424579999997349,True
2026-09-17 12:00 Asia/Taipei,resource_6,no_transfer,108.9918268220008,108.9918268220008,0,0.0,0.0,feasible,0.0,True
2026-09-17 12:00 Asia/Taipei,resource_6,greedy,100.36570925296677,99.75826273252741,6,3.0744652043935874,0.6074465204393589,feasible,0.02768379100000029,True
2026-09-17 12:00 Asia/Taipei,resource_6,milp,100.36570925296677,99.75826273252741,6,3.0744652043935874,0.6074465204393589,optimal,0.0024564170000003216,True
2026-09-17 12:00 Asia/Taipei,resource_24,no_transfer,108.9918268220008,108.9918268220008,0,0.0,0.0,feasible,0.0,True
2026-09-17 12:00 Asia/Taipei,resource_24,greedy,100.36570925296677,99.75826273252741,6,3.0744652043935874,0.6074465204393589,feasible,0.03205849999999977,True
2026-09-17 12:00 Asia/Taipei,resource_24,milp,100.36570925296677,99.75826273252741,6,3.0744652043935874,0.6074465204393589,optimal,0.0026427920000005045,True
2026-09-17 12:00 Asia/Taipei,distance_cost_0.0,no_transfer,108.9918268220008,108.9918268220008,0,0.0,0.0,feasible,0.0,True
2026-09-17 12:00 Asia/Taipei,distance_cost_0.0,greedy,100.05826273252741,99.75826273252741,6,7.000784087715305,0.30000000000000004,feasible,0.03185370799999987,True
2026-09-17 12:00 Asia/Taipei,distance_cost_0.0,milp,100.05826273252741,99.75826273252741,6,5.843335496167788,0.30000000000000004,optimal,0.003920541999999472,True
2026-09-17 12:00 Asia/Taipei,distance_cost_10.0,no_transfer,108.9918268220008,108.9918268220008,0,0.0,0.0,feasible,0.0,True
2026-09-17 12:00 Asia/Taipei,distance_cost_10.0,greedy,108.9918268220008,108.9918268220008,0,0.0,0.0,feasible,0.0046714169999999555,True
2026-09-17 12:00 Asia/Taipei,distance_cost_10.0,milp,108.9918268220008,108.9918268220008,0,0.0,0.0,optimal_no_improvement_no_transfer,0.0015138330000006306,True
2026-09-17 17:00 Asia/Taipei,base,no_transfer,91.35659448054838,91.35659448054838,0,0.0,0.0,feasible,0.0,True
2026-09-17 17:00 Asia/Taipei,base,greedy,89.46612453455153,89.35659448054838,1,0.595300540031405,0.1095300540031405,feasible,0.00983616700000045,True
2026-09-17 17:00 Asia/Taipei,base,milp,89.46612453455153,89.35659448054838,1,0.595300540031405,0.1095300540031405,optimal,0.002779832999999954,True
2026-09-17 17:00 Asia/Taipei,resource_0,no_transfer,91.35659448054838,91.35659448054838,0,0.0,0.0,feasible,0.0,True
2026-09-17 17:00 Asia/Taipei,resource_0,greedy,91.35659448054838,91.35659448054838,0,0.0,0.0,feasible,2.2958000000627976e-05,True
2026-09-17 17:00 Asia/Taipei,resource_0,milp,91.35659448054838,91.35659448054838,0,0.0,0.0,optimal_no_improvement_no_transfer,0.0006220840000006334,True
2026-09-17 17:00 Asia/Taipei,resource_6,no_transfer,91.35659448054838,91.35659448054838,0,0.0,0.0,feasible,0.0,True
2026-09-17 17:00 Asia/Taipei,resource_6,greedy,89.46612453455153,89.35659448054838,1,0.595300540031405,0.1095300540031405,feasible,0.009766500000000455,True
2026-09-17 17:00 Asia/Taipei,resource_6,milp,89.46612453455153,89.35659448054838,1,0.595300540031405,0.1095300540031405,optimal,0.0019454169999999493,True
2026-09-17 17:00 Asia/Taipei,resource_24,no_transfer,91.35659448054838,91.35659448054838,0,0.0,0.0,feasible,0.0,True
2026-09-17 17:00 Asia/Taipei,resource_24,greedy,89.46612453455153,89.35659448054838,1,0.595300540031405,0.1095300540031405,feasible,0.009824583000000331,True
2026-09-17 17:00 Asia/Taipei,resource_24,milp,89.46612453455153,89.35659448054838,1,0.595300540031405,0.1095300540031405,optimal,0.002637625000000199,True
2026-09-17 17:00 Asia/Taipei,distance_cost_0.0,no_transfer,91.35659448054838,91.35659448054838,0,0.0,0.0,feasible,0.0,True
2026-09-17 17:00 Asia/Taipei,distance_cost_0.0,greedy,89.34768076390837,89.24768076390838,2,2.4708654454901025,0.1,feasible,0.01447879200000024,True
2026-09-17 17:00 Asia/Taipei,distance_cost_0.0,milp,89.34768076390837,89.24768076390838,2,1.8014174519086232,0.1,optimal,0.002354750000000294,True
2026-09-17 17:00 Asia/Taipei,distance_cost_10.0,no_transfer,91.35659448054838,91.35659448054838,0,0.0,0.0,feasible,0.0,True
2026-09-17 17:00 Asia/Taipei,distance_cost_10.0,greedy,91.35659448054838,91.35659448054838,0,0.0,0.0,feasible,0.0048425839999994835,True
2026-09-17 17:00 Asia/Taipei,distance_cost_10.0,milp,91.35659448054838,91.35659448054838,0,0.0,0.0,optimal_no_improvement_no_transfer,0.001368416000000039,True
