scenario,method,reference,simulated_target_deviation,boundary_clipped_bikes,transfer_penalty,interpretation
2026-09-14 07:00 Asia/Taipei,no_transfer,synthetic_error_-5,88.33740373056142,0.0,0.0,"assumed additive intervention, not observed counterfactual or lost trips"
2026-09-14 07:00 Asia/Taipei,no_transfer,synthetic_error_+0,76.87706634841511,0.0,0.0,"assumed additive intervention, not observed counterfactual or lost trips"
2026-09-14 07:00 Asia/Taipei,no_transfer,synthetic_error_+5,101.8731735827417,0.0,0.0,"assumed additive intervention, not observed counterfactual or lost trips"
2026-09-14 07:00 Asia/Taipei,no_transfer,unintervened_historical_reference,139.0,0.0,0.0,"assumed additive intervention, not observed counterfactual or lost trips"
2026-09-14 07:00 Asia/Taipei,greedy,synthetic_error_-5,82.33740373056142,0.0,0.3473172948514295,"assumed additive intervention, not observed counterfactual or lost trips"
2026-09-14 07:00 Asia/Taipei,greedy,synthetic_error_+0,70.99582516728282,0.0,0.3473172948514295,"assumed additive intervention, not observed counterfactual or lost trips"
2026-09-14 07:00 Asia/Taipei,greedy,synthetic_error_+5,105.35825528661495,0.0,0.3473172948514295,"assumed additive intervention, not observed counterfactual or lost trips"
2026-09-14 07:00 Asia/Taipei,greedy,unintervened_historical_reference,133.0,0.0,0.3473172948514295,"assumed additive intervention, not observed counterfactual or lost trips"
2026-09-14 07:00 Asia/Taipei,milp,synthetic_error_-5,82.33740373056142,0.0,0.3473172948514295,"assumed additive intervention, not observed counterfactual or lost trips"
2026-09-14 07:00 Asia/Taipei,milp,synthetic_error_+0,70.99582516728282,0.0,0.3473172948514295,"assumed additive intervention, not observed counterfactual or lost trips"
2026-09-14 07:00 Asia/Taipei,milp,synthetic_error_+5,105.35825528661495,0.0,0.3473172948514295,"assumed additive intervention, not observed counterfactual or lost trips"
2026-09-14 07:00 Asia/Taipei,milp,unintervened_historical_reference,133.0,0.0,0.3473172948514295,"assumed additive intervention, not observed counterfactual or lost trips"
2026-09-14 12:00 Asia/Taipei,no_transfer,synthetic_error_-5,103.60296749573354,0.0,0.0,"assumed additive intervention, not observed counterfactual or lost trips"
2026-09-14 12:00 Asia/Taipei,no_transfer,synthetic_error_+0,117.22207919751197,0.0,0.0,"assumed additive intervention, not observed counterfactual or lost trips"
2026-09-14 12:00 Asia/Taipei,no_transfer,synthetic_error_+5,128.0661051046144,0.0,0.0,"assumed additive intervention, not observed counterfactual or lost trips"
2026-09-14 12:00 Asia/Taipei,no_transfer,unintervened_historical_reference,130.0,0.0,0.0,"assumed additive intervention, not observed counterfactual or lost trips"
2026-09-14 12:00 Asia/Taipei,greedy,synthetic_error_-5,96.49397609435118,0.0,1.2229408457153839,"assumed additive intervention, not observed counterfactual or lost trips"
2026-09-14 12:00 Asia/Taipei,greedy,synthetic_error_+0,93.22207919751197,0.0,1.2229408457153839,"assumed additive intervention, not observed counterfactual or lost trips"
2026-09-14 12:00 Asia/Taipei,greedy,synthetic_error_+5,113.78022283675087,0.0,1.2229408457153839,"assumed additive intervention, not observed counterfactual or lost trips"
2026-09-14 12:00 Asia/Taipei,greedy,unintervened_historical_reference,116.0,2.0,1.2229408457153839,"assumed additive intervention, not observed counterfactual or lost trips"
2026-09-14 12:00 Asia/Taipei,milp,synthetic_error_-5,96.49397609435118,0.0,1.2229408457153839,"assumed additive intervention, not observed counterfactual or lost trips"
2026-09-14 12:00 Asia/Taipei,milp,synthetic_error_+0,93.22207919751197,0.0,1.2229408457153839,"assumed additive intervention, not observed counterfactual or lost trips"
2026-09-14 12:00 Asia/Taipei,milp,synthetic_error_+5,113.78022283675087,0.0,1.2229408457153839,"assumed additive intervention, not observed counterfactual or lost trips"
2026-09-14 12:00 Asia/Taipei,milp,unintervened_historical_reference,116.0,2.0,1.2229408457153839,"assumed additive intervention, not observed counterfactual or lost trips"
2026-09-14 17:00 Asia/Taipei,no_transfer,synthetic_error_-5,92.02172775913438,0.0,0.0,"assumed additive intervention, not observed counterfactual or lost trips"
2026-09-14 17:00 Asia/Taipei,no_transfer,synthetic_error_+0,71.49233059301581,0.0,0.0,"assumed additive intervention, not observed counterfactual or lost trips"
2026-09-14 17:00 Asia/Taipei,no_transfer,synthetic_error_+5,74.76313214068095,0.0,0.0,"assumed additive intervention, not observed counterfactual or lost trips"
2026-09-14 17:00 Asia/Taipei,no_transfer,unintervened_historical_reference,132.0,0.0,0.0,"assumed additive intervention, not observed counterfactual or lost trips"
2026-09-14 17:00 Asia/Taipei,greedy,synthetic_error_-5,80.39328993597569,0.0,1.2389934310715796,"assumed additive intervention, not observed counterfactual or lost trips"
2026-09-14 17:00 Asia/Taipei,greedy,synthetic_error_+0,47.49233059301582,0.0,1.2389934310715796,"assumed additive intervention, not observed counterfactual or lost trips"
2026-09-14 17:00 Asia/Taipei,greedy,synthetic_error_+5,62.76313214068095,0.0,1.2389934310715796,"assumed additive intervention, not observed counterfactual or lost trips"
2026-09-14 17:00 Asia/Taipei,greedy,unintervened_historical_reference,111.0,0.0,1.2389934310715796,"assumed additive intervention, not observed counterfactual or lost trips"
2026-09-14 17:00 Asia/Taipei,milp,synthetic_error_-5,80.39328993597569,0.0,1.2389934310715796,"assumed additive intervention, not observed counterfactual or lost trips"
2026-09-14 17:00 Asia/Taipei,milp,synthetic_error_+0,47.49233059301582,0.0,1.2389934310715796,"assumed additive intervention, not observed counterfactual or lost trips"
2026-09-14 17:00 Asia/Taipei,milp,synthetic_error_+5,62.76313214068095,0.0,1.2389934310715796,"assumed additive intervention, not observed counterfactual or lost trips"
2026-09-14 17:00 Asia/Taipei,milp,unintervened_historical_reference,111.0,0.0,1.2389934310715796,"assumed additive intervention, not observed counterfactual or lost trips"
2026-09-15 07:00 Asia/Taipei,no_transfer,synthetic_error_-5,70.22164384403688,0.0,0.0,"assumed additive intervention, not observed counterfactual or lost trips"
2026-09-15 07:00 Asia/Taipei,no_transfer,synthetic_error_+0,61.302419617579474,0.0,0.0,"assumed additive intervention, not observed counterfactual or lost trips"
2026-09-15 07:00 Asia/Taipei,no_transfer,synthetic_error_+5,87.94751837632391,0.0,0.0,"assumed additive intervention, not observed counterfactual or lost trips"
2026-09-15 07:00 Asia/Taipei,no_transfer,unintervened_historical_reference,63.0,0.0,0.0,"assumed additive intervention, not observed counterfactual or lost trips"
2026-09-15 07:00 Asia/Taipei,greedy,synthetic_error_-5,65.7154981063156,0.0,1.0789352823514917,"assumed additive intervention, not observed counterfactual or lost trips"
2026-09-15 07:00 Asia/Taipei,greedy,synthetic_error_+0,37.30241961757949,0.0,1.0789352823514917,"assumed additive intervention, not observed counterfactual or lost trips"
2026-09-15 07:00 Asia/Taipei,greedy,synthetic_error_+5,63.94751837632393,0.0,1.0789352823514917,"assumed additive intervention, not observed counterfactual or lost trips"
2026-09-15 07:00 Asia/Taipei,greedy,unintervened_historical_reference,66.0,0.0,1.0789352823514917,"assumed additive intervention, not observed counterfactual or lost trips"
2026-09-15 07:00 Asia/Taipei,milp,synthetic_error_-5,65.7154981063156,0.0,1.0789352823514917,"assumed additive intervention, not observed counterfactual or lost trips"
2026-09-15 07:00 Asia/Taipei,milp,synthetic_error_+0,37.30241961757949,0.0,1.0789352823514917,"assumed additive intervention, not observed counterfactual or lost trips"
2026-09-15 07:00 Asia/Taipei,milp,synthetic_error_+5,63.94751837632393,0.0,1.0789352823514917,"assumed additive intervention, not observed counterfactual or lost trips"
2026-09-15 07:00 Asia/Taipei,milp,unintervened_historical_reference,66.0,0.0,1.0789352823514917,"assumed additive intervention, not observed counterfactual or lost trips"
2026-09-15 12:00 Asia/Taipei,no_transfer,synthetic_error_-5,104.09387045625539,0.0,0.0,"assumed additive intervention, not observed counterfactual or lost trips"
2026-09-15 12:00 Asia/Taipei,no_transfer,synthetic_error_+0,99.18771603266143,0.0,0.0,"assumed additive intervention, not observed counterfactual or lost trips"
2026-09-15 12:00 Asia/Taipei,no_transfer,synthetic_error_+5,93.57403090571358,0.0,0.0,"assumed additive intervention, not observed counterfactual or lost trips"
2026-09-15 12:00 Asia/Taipei,no_transfer,unintervened_historical_reference,132.0,0.0,0.0,"assumed additive intervention, not observed counterfactual or lost trips"
2026-09-15 12:00 Asia/Taipei,greedy,synthetic_error_-5,94.68366587834791,0.0,1.2617878142857304,"assumed additive intervention, not observed counterfactual or lost trips"
2026-09-15 12:00 Asia/Taipei,greedy,synthetic_error_+0,75.3702529535821,0.0,1.2617878142857304,"assumed additive intervention, not observed counterfactual or lost trips"
2026-09-15 12:00 Asia/Taipei,greedy,synthetic_error_+5,81.57403090571358,0.0,1.2617878142857304,"assumed additive intervention, not observed counterfactual or lost trips"
2026-09-15 12:00 Asia/Taipei,greedy,unintervened_historical_reference,108.0,0.0,1.2617878142857304,"assumed additive intervention, not observed counterfactual or lost trips"
2026-09-15 12:00 Asia/Taipei,milp,synthetic_error_-5,94.68366587834791,0.0,1.2617878142857304,"assumed additive intervention, not observed counterfactual or lost trips"
2026-09-15 12:00 Asia/Taipei,milp,synthetic_error_+0,75.3702529535821,0.0,1.2617878142857304,"assumed additive intervention, not observed counterfactual or lost trips"
2026-09-15 12:00 Asia/Taipei,milp,synthetic_error_+5,81.57403090571358,0.0,1.2617878142857304,"assumed additive intervention, not observed counterfactual or lost trips"
2026-09-15 12:00 Asia/Taipei,milp,unintervened_historical_reference,108.0,0.0,1.2617878142857304,"assumed additive intervention, not observed counterfactual or lost trips"
2026-09-15 17:00 Asia/Taipei,no_transfer,synthetic_error_-5,91.71023009157713,0.0,0.0,"assumed additive intervention, not observed counterfactual or lost trips"
2026-09-15 17:00 Asia/Taipei,no_transfer,synthetic_error_+0,105.02420212218475,0.0,0.0,"assumed additive intervention, not observed counterfactual or lost trips"
2026-09-15 17:00 Asia/Taipei,no_transfer,synthetic_error_+5,115.99310094898945,0.0,0.0,"assumed additive intervention, not observed counterfactual or lost trips"
2026-09-15 17:00 Asia/Taipei,no_transfer,unintervened_historical_reference,156.0,0.0,0.0,"assumed additive intervention, not observed counterfactual or lost trips"
2026-09-15 17:00 Asia/Taipei,greedy,synthetic_error_-5,79.64239207579706,0.0,1.031850209214253,"assumed additive intervention, not observed counterfactual or lost trips"
2026-09-15 17:00 Asia/Taipei,greedy,synthetic_error_+0,81.02420212218475,0.0,1.031850209214253,"assumed additive intervention, not observed counterfactual or lost trips"
2026-09-15 17:00 Asia/Taipei,greedy,synthetic_error_+5,91.99310094898945,0.0,1.031850209214253,"assumed additive intervention, not observed counterfactual or lost trips"
2026-09-15 17:00 Asia/Taipei,greedy,unintervened_historical_reference,132.0,0.0,1.031850209214253,"assumed additive intervention, not observed counterfactual or lost trips"
2026-09-15 17:00 Asia/Taipei,milp,synthetic_error_-5,79.64239207579706,0.0,1.031850209214253,"assumed additive intervention, not observed counterfactual or lost trips"
2026-09-15 17:00 Asia/Taipei,milp,synthetic_error_+0,81.02420212218475,0.0,1.031850209214253,"assumed additive intervention, not observed counterfactual or lost trips"
2026-09-15 17:00 Asia/Taipei,milp,synthetic_error_+5,91.99310094898945,0.0,1.031850209214253,"assumed additive intervention, not observed counterfactual or lost trips"
2026-09-15 17:00 Asia/Taipei,milp,unintervened_historical_reference,132.0,0.0,1.031850209214253,"assumed additive intervention, not observed counterfactual or lost trips"
2026-09-16 07:00 Asia/Taipei,no_transfer,synthetic_error_-5,92.90087376101435,0.0,0.0,"assumed additive intervention, not observed counterfactual or lost trips"
2026-09-16 07:00 Asia/Taipei,no_transfer,synthetic_error_+0,87.8029671098415,0.0,0.0,"assumed additive intervention, not observed counterfactual or lost trips"
2026-09-16 07:00 Asia/Taipei,no_transfer,synthetic_error_+5,120.3309129028529,0.0,0.0,"assumed additive intervention, not observed counterfactual or lost trips"
2026-09-16 07:00 Asia/Taipei,no_transfer,unintervened_historical_reference,94.0,0.0,0.0,"assumed additive intervention, not observed counterfactual or lost trips"
2026-09-16 07:00 Asia/Taipei,greedy,synthetic_error_-5,88.90087376101435,0.0,1.1066510035613397,"assumed additive intervention, not observed counterfactual or lost trips"
2026-09-16 07:00 Asia/Taipei,greedy,synthetic_error_+0,71.72994274885917,0.0,1.1066510035613397,"assumed additive intervention, not observed counterfactual or lost trips"
2026-09-16 07:00 Asia/Taipei,greedy,synthetic_error_+5,106.3309129028529,0.0,1.1066510035613397,"assumed additive intervention, not observed counterfactual or lost trips"
2026-09-16 07:00 Asia/Taipei,greedy,unintervened_historical_reference,84.0,0.0,1.1066510035613397,"assumed additive intervention, not observed counterfactual or lost trips"
2026-09-16 07:00 Asia/Taipei,milp,synthetic_error_-5,88.90087376101435,0.0,1.1066510035613397,"assumed additive intervention, not observed counterfactual or lost trips"
2026-09-16 07:00 Asia/Taipei,milp,synthetic_error_+0,71.72994274885917,0.0,1.1066510035613397,"assumed additive intervention, not observed counterfactual or lost trips"
2026-09-16 07:00 Asia/Taipei,milp,synthetic_error_+5,106.3309129028529,0.0,1.1066510035613397,"assumed additive intervention, not observed counterfactual or lost trips"
2026-09-16 07:00 Asia/Taipei,milp,unintervened_historical_reference,84.0,0.0,1.1066510035613397,"assumed additive intervention, not observed counterfactual or lost trips"
2026-09-16 12:00 Asia/Taipei,no_transfer,synthetic_error_-5,94.05222827361399,0.0,0.0,"assumed additive intervention, not observed counterfactual or lost trips"
2026-09-16 12:00 Asia/Taipei,no_transfer,synthetic_error_+0,108.5242531124976,0.0,0.0,"assumed additive intervention, not observed counterfactual or lost trips"
2026-09-16 12:00 Asia/Taipei,no_transfer,synthetic_error_+5,118.11943836154418,0.0,0.0,"assumed additive intervention, not observed counterfactual or lost trips"
2026-09-16 12:00 Asia/Taipei,no_transfer,unintervened_historical_reference,106.0,0.0,0.0,"assumed additive intervention, not observed counterfactual or lost trips"
2026-09-16 12:00 Asia/Taipei,greedy,synthetic_error_-5,95.97310106513595,0.0,0.6587411267531862,"assumed additive intervention, not observed counterfactual or lost trips"
2026-09-16 12:00 Asia/Taipei,greedy,synthetic_error_+0,100.30714463108211,0.0,0.6587411267531862,"assumed additive intervention, not observed counterfactual or lost trips"
2026-09-16 12:00 Asia/Taipei,greedy,synthetic_error_+5,108.11943836154418,0.0,0.6587411267531862,"assumed additive intervention, not observed counterfactual or lost trips"
2026-09-16 12:00 Asia/Taipei,greedy,unintervened_historical_reference,106.0,0.0,0.6587411267531862,"assumed additive intervention, not observed counterfactual or lost trips"
2026-09-16 12:00 Asia/Taipei,milp,synthetic_error_-5,95.97310106513595,0.0,0.6587411267531862,"assumed additive intervention, not observed counterfactual or lost trips"
2026-09-16 12:00 Asia/Taipei,milp,synthetic_error_+0,100.30714463108211,0.0,0.6587411267531862,"assumed additive intervention, not observed counterfactual or lost trips"
2026-09-16 12:00 Asia/Taipei,milp,synthetic_error_+5,108.11943836154418,0.0,0.6587411267531862,"assumed additive intervention, not observed counterfactual or lost trips"
2026-09-16 12:00 Asia/Taipei,milp,unintervened_historical_reference,106.0,0.0,0.6587411267531862,"assumed additive intervention, not observed counterfactual or lost trips"
2026-09-16 17:00 Asia/Taipei,no_transfer,synthetic_error_-5,97.82082400559545,0.0,0.0,"assumed additive intervention, not observed counterfactual or lost trips"
2026-09-16 17:00 Asia/Taipei,no_transfer,synthetic_error_+0,96.84933491868131,0.0,0.0,"assumed additive intervention, not observed counterfactual or lost trips"
2026-09-16 17:00 Asia/Taipei,no_transfer,synthetic_error_+5,108.62113646372327,0.0,0.0,"assumed additive intervention, not observed counterfactual or lost trips"
2026-09-16 17:00 Asia/Taipei,no_transfer,unintervened_historical_reference,114.0,0.0,0.0,"assumed additive intervention, not observed counterfactual or lost trips"
2026-09-16 17:00 Asia/Taipei,greedy,synthetic_error_-5,89.94118081851607,0.0,1.0044976188702726,"assumed additive intervention, not observed counterfactual or lost trips"
2026-09-16 17:00 Asia/Taipei,greedy,synthetic_error_+0,78.97242755277853,0.0,1.0044976188702726,"assumed additive intervention, not observed counterfactual or lost trips"
2026-09-16 17:00 Asia/Taipei,greedy,synthetic_error_+5,96.62113646372327,0.0,1.0044976188702726,"assumed additive intervention, not observed counterfactual or lost trips"
2026-09-16 17:00 Asia/Taipei,greedy,unintervened_historical_reference,99.0,3.0,1.0044976188702726,"assumed additive intervention, not observed counterfactual or lost trips"
2026-09-16 17:00 Asia/Taipei,milp,synthetic_error_-5,89.94118081851607,0.0,1.0044976188702726,"assumed additive intervention, not observed counterfactual or lost trips"
2026-09-16 17:00 Asia/Taipei,milp,synthetic_error_+0,78.97242755277853,0.0,1.0044976188702726,"assumed additive intervention, not observed counterfactual or lost trips"
2026-09-16 17:00 Asia/Taipei,milp,synthetic_error_+5,96.62113646372327,0.0,1.0044976188702726,"assumed additive intervention, not observed counterfactual or lost trips"
2026-09-16 17:00 Asia/Taipei,milp,unintervened_historical_reference,99.0,3.0,1.0044976188702726,"assumed additive intervention, not observed counterfactual or lost trips"
2026-09-17 07:00 Asia/Taipei,no_transfer,synthetic_error_-5,90.805209109048,0.0,0.0,"assumed additive intervention, not observed counterfactual or lost trips"
2026-09-17 07:00 Asia/Taipei,no_transfer,synthetic_error_+0,81.71142643197427,0.0,0.0,"assumed additive intervention, not observed counterfactual or lost trips"
2026-09-17 07:00 Asia/Taipei,no_transfer,synthetic_error_+5,96.87197816773113,0.0,0.0,"assumed additive intervention, not observed counterfactual or lost trips"
2026-09-17 07:00 Asia/Taipei,no_transfer,unintervened_historical_reference,109.0,0.0,0.0,"assumed additive intervention, not observed counterfactual or lost trips"
2026-09-17 07:00 Asia/Taipei,greedy,synthetic_error_-5,84.80520910904801,0.0,1.0624815543383375,"assumed additive intervention, not observed counterfactual or lost trips"
2026-09-17 07:00 Asia/Taipei,greedy,synthetic_error_+0,65.91108138566165,0.0,1.0624815543383375,"assumed additive intervention, not observed counterfactual or lost trips"
2026-09-17 07:00 Asia/Taipei,greedy,synthetic_error_+5,86.87197816773113,0.0,1.0624815543383375,"assumed additive intervention, not observed counterfactual or lost trips"
2026-09-17 07:00 Asia/Taipei,greedy,unintervened_historical_reference,93.0,0.0,1.0624815543383375,"assumed additive intervention, not observed counterfactual or lost trips"
2026-09-17 07:00 Asia/Taipei,milp,synthetic_error_-5,84.80520910904801,0.0,1.0624815543383375,"assumed additive intervention, not observed counterfactual or lost trips"
2026-09-17 07:00 Asia/Taipei,milp,synthetic_error_+0,65.91108138566165,0.0,1.0624815543383375,"assumed additive intervention, not observed counterfactual or lost trips"
2026-09-17 07:00 Asia/Taipei,milp,synthetic_error_+5,86.87197816773113,0.0,1.0624815543383375,"assumed additive intervention, not observed counterfactual or lost trips"
2026-09-17 07:00 Asia/Taipei,milp,unintervened_historical_reference,93.0,0.0,1.0624815543383375,"assumed additive intervention, not observed counterfactual or lost trips"
2026-09-17 12:00 Asia/Taipei,no_transfer,synthetic_error_-5,111.94636707419573,0.0,0.0,"assumed additive intervention, not observed counterfactual or lost trips"
2026-09-17 12:00 Asia/Taipei,no_transfer,synthetic_error_+0,108.9918268220008,0.0,0.0,"assumed additive intervention, not observed counterfactual or lost trips"
2026-09-17 12:00 Asia/Taipei,no_transfer,synthetic_error_+5,112.06407787624292,0.0,0.0,"assumed additive intervention, not observed counterfactual or lost trips"
2026-09-17 12:00 Asia/Taipei,no_transfer,unintervened_historical_reference,123.0,0.0,0.0,"assumed additive intervention, not observed counterfactual or lost trips"
2026-09-17 12:00 Asia/Taipei,greedy,synthetic_error_-5,103.94636707419573,0.0,0.6074465204393589,"assumed additive intervention, not observed counterfactual or lost trips"
2026-09-17 12:00 Asia/Taipei,greedy,synthetic_error_+0,99.75826273252741,0.0,0.6074465204393589,"assumed additive intervention, not observed counterfactual or lost trips"
2026-09-17 12:00 Asia/Taipei,greedy,synthetic_error_+5,108.06407787624292,0.0,0.6074465204393589,"assumed additive intervention, not observed counterfactual or lost trips"
2026-09-17 12:00 Asia/Taipei,greedy,unintervened_historical_reference,123.0,0.0,0.6074465204393589,"assumed additive intervention, not observed counterfactual or lost trips"
2026-09-17 12:00 Asia/Taipei,milp,synthetic_error_-5,103.94636707419573,0.0,0.6074465204393589,"assumed additive intervention, not observed counterfactual or lost trips"
2026-09-17 12:00 Asia/Taipei,milp,synthetic_error_+0,99.75826273252741,0.0,0.6074465204393589,"assumed additive intervention, not observed counterfactual or lost trips"
2026-09-17 12:00 Asia/Taipei,milp,synthetic_error_+5,108.06407787624292,0.0,0.6074465204393589,"assumed additive intervention, not observed counterfactual or lost trips"
2026-09-17 12:00 Asia/Taipei,milp,unintervened_historical_reference,123.0,0.0,0.6074465204393589,"assumed additive intervention, not observed counterfactual or lost trips"
2026-09-17 17:00 Asia/Taipei,no_transfer,synthetic_error_-5,90.59153706590858,0.0,0.0,"assumed additive intervention, not observed counterfactual or lost trips"
2026-09-17 17:00 Asia/Taipei,no_transfer,synthetic_error_+0,91.35659448054838,0.0,0.0,"assumed additive intervention, not observed counterfactual or lost trips"
2026-09-17 17:00 Asia/Taipei,no_transfer,synthetic_error_+5,98.6332188111749,0.0,0.0,"assumed additive intervention, not observed counterfactual or lost trips"
2026-09-17 17:00 Asia/Taipei,no_transfer,unintervened_historical_reference,144.0,0.0,0.0,"assumed additive intervention, not observed counterfactual or lost trips"
2026-09-17 17:00 Asia/Taipei,greedy,synthetic_error_-5,90.59153706590858,0.0,0.1095300540031405,"assumed additive intervention, not observed counterfactual or lost trips"
2026-09-17 17:00 Asia/Taipei,greedy,synthetic_error_+0,89.35659448054838,0.0,0.1095300540031405,"assumed additive intervention, not observed counterfactual or lost trips"
2026-09-17 17:00 Asia/Taipei,greedy,synthetic_error_+5,96.6332188111749,0.0,0.1095300540031405,"assumed additive intervention, not observed counterfactual or lost trips"
2026-09-17 17:00 Asia/Taipei,greedy,unintervened_historical_reference,142.0,0.0,0.1095300540031405,"assumed additive intervention, not observed counterfactual or lost trips"
2026-09-17 17:00 Asia/Taipei,milp,synthetic_error_-5,90.59153706590858,0.0,0.1095300540031405,"assumed additive intervention, not observed counterfactual or lost trips"
2026-09-17 17:00 Asia/Taipei,milp,synthetic_error_+0,89.35659448054838,0.0,0.1095300540031405,"assumed additive intervention, not observed counterfactual or lost trips"
2026-09-17 17:00 Asia/Taipei,milp,synthetic_error_+5,96.6332188111749,0.0,0.1095300540031405,"assumed additive intervention, not observed counterfactual or lost trips"
2026-09-17 17:00 Asia/Taipei,milp,unintervened_historical_reference,142.0,0.0,0.1095300540031405,"assumed additive intervention, not observed counterfactual or lost trips"
