model,station_id,rows,mae
persistence,500101001,1400,4.97857141494751
persistence,500101031,1400,3.662142753601074
persistence,500101109,1400,6.5714287757873535
persistence,500101141,1400,3.7407143115997314
persistence,500101171,1400,3.6985714435577393
persistence,500101201,1400,3.6778571605682373
persistence,500101231,1400,2.7535715103149414
persistence,500101260,1400,1.4557143449783325
persistence,500103020,1400,3.352142810821533
persistence,500103048,1400,2.817142963409424
persistence,500103076,1400,1.7535713911056519
persistence,500104015,1400,2.2257142066955566
persistence,500104044,1400,4.654285907745361
persistence,500104073,1400,4.522857189178467
persistence,500104102,1400,2.343571424484253
persistence,500104130,1400,1.5407142639160156
persistence,500104158,1400,1.485714316368103
persistence,500105028,1400,4.190000057220459
persistence,500105058,1400,0.5321428775787354
persistence,500105089,1400,3.028571367263794
persistence,500105119,1400,1.0950000286102295
persistence,500106019,1400,3.2328572273254395
persistence,500106055,1400,8.556428909301758
persistence,500106087,1400,2.1107141971588135
persistence,500106115,1400,2.1571428775787354
persistence,500106147,1400,2.413571357727051
persistence,500107024,1400,8.260000228881836
persistence,500107053,1400,2.2464284896850586
persistence,500107086,1400,1.85785710811615
persistence,500107115,1400,2.5957143306732178
persistence,500107142,1400,2.630000114440918
persistence,500107172,1400,3.872142791748047
persistence,500107200,1400,2.906428575515747
persistence,500108020,1400,3.3057143688201904
persistence,500108049,1400,4.591428756713867
persistence,500108079,1400,1.0199999809265137
persistence,500108111,1400,1.7585713863372803
persistence,500108142,1400,1.309999942779541
persistence,500108174,1400,2.9992856979370117
persistence,500108203,1400,2.4364285469055176
persistence,500108235,1400,0.9471428394317627
persistence,500109023,1400,5.997142791748047
persistence,500109053,1400,6.541428565979004
persistence,500109084,1400,1.14214289188385
persistence,500109112,1400,1.958571434020996
persistence,500110005,1400,8.606428146362305
persistence,500110033,1400,3.7300000190734863
persistence,500110061,1400,3.73714280128479
persistence,500110091,1400,4.8064284324646
persistence,500111008,1400,4.347142696380615
persistence,500111038,1400,4.877142906188965
persistence,500111066,1400,1.3328571319580078
persistence,500111095,1400,2.6335713863372803
persistence,500112001,1400,3.960714340209961
persistence,500112029,1400,7.024285793304443
persistence,500112059,1400,3.5564286708831787
persistence,500112089,1400,2.9728572368621826
persistence,500112117,1400,3.041428565979004
persistence,500113016,1400,1.9107142686843872
persistence,500113047,1400,2.7542858123779297
persistence,500113080,1400,1.2728571891784668
persistence,500119009,1400,3.7178571224212646
persistence,500119070,1400,7.179999828338623
persistence,500119102,1400,7.216428756713867
hgb,500101001,1400,4.680405177523405
hgb,500101031,1400,3.444845219211186
hgb,500101109,1400,6.0827350039612496
hgb,500101141,1400,3.43808289463726
hgb,500101171,1400,3.5739232273275854
hgb,500101201,1400,3.521672536439281
hgb,500101231,1400,2.4259541789862817
hgb,500101260,1400,1.763161169387626
hgb,500103020,1400,3.0295971381742075
hgb,500103048,1400,2.7244683193591532
hgb,500103076,1400,1.819238988471881
hgb,500104015,1400,2.0199350338984545
hgb,500104044,1400,4.374718179079219
hgb,500104073,1400,3.9553318780074123
hgb,500104102,1400,2.2529519777953304
hgb,500104130,1400,1.5009574591263772
hgb,500104158,1400,1.438728175279844
hgb,500105028,1400,4.090458363868379
hgb,500105058,1400,0.6173191474337788
hgb,500105089,1400,2.6080229523183434
hgb,500105119,1400,1.1167925243696855
hgb,500106019,1400,3.1647357526324194
hgb,500106055,1400,7.132423531172732
hgb,500106087,1400,2.120966860272678
hgb,500106115,1400,2.217691900251211
hgb,500106147,1400,2.4221842106062614
hgb,500107024,1400,7.289863271732013
hgb,500107053,1400,2.1658623912036434
hgb,500107086,1400,1.7260373821207193
hgb,500107115,1400,2.9145841403611383
hgb,500107142,1400,2.768579281954032
hgb,500107172,1400,3.4498318112266784
hgb,500107200,1400,2.859167272986265
hgb,500108020,1400,3.1404848210818472
hgb,500108049,1400,4.529362611775372
hgb,500108079,1400,1.0976060185115422
hgb,500108111,1400,1.8544351019197045
hgb,500108142,1400,1.3422597792312334
hgb,500108174,1400,2.873050272174692
hgb,500108203,1400,2.2399968205963354
hgb,500108235,1400,1.0327850660962998
hgb,500109023,1400,5.7920054155343434
hgb,500109053,1400,6.499239051676141
hgb,500109084,1400,1.3147438649639158
hgb,500109112,1400,1.991853528941574
hgb,500110005,1400,7.3579710575783235
hgb,500110033,1400,3.5040099789094414
hgb,500110061,1400,3.6135817807876576
hgb,500110091,1400,4.295401808100227
hgb,500111008,1400,4.171390883935257
hgb,500111038,1400,4.1878450397086855
hgb,500111066,1400,1.4123855669162768
hgb,500111095,1400,2.503222149269304
hgb,500112001,1400,3.8570208443915894
hgb,500112029,1400,6.274776136435048
hgb,500112059,1400,3.285198302949338
hgb,500112089,1400,2.875108413181895
hgb,500112117,1400,3.2199172550689465
hgb,500113016,1400,1.8505065627252673
hgb,500113047,1400,2.586863092872109
hgb,500113080,1400,1.1995403067487176
hgb,500119009,1400,3.2664874718733645
hgb,500119070,1400,7.056804176527905
hgb,500119102,1400,7.055612767626465
lstm_seed11,500101001,1400,4.625308513641357
lstm_seed11,500101031,1400,3.435485601425171
lstm_seed11,500101109,1400,6.170755386352539
lstm_seed11,500101141,1400,3.4703421592712402
lstm_seed11,500101171,1400,3.7445452213287354
lstm_seed11,500101201,1400,3.6191442012786865
lstm_seed11,500101231,1400,2.5428547859191895
lstm_seed11,500101260,1400,1.9019601345062256
lstm_seed11,500103020,1400,3.096735954284668
lstm_seed11,500103048,1400,2.7177371978759766
lstm_seed11,500103076,1400,1.8498486280441284
lstm_seed11,500104015,1400,2.0714659690856934
lstm_seed11,500104044,1400,4.630902290344238
lstm_seed11,500104073,1400,4.228860378265381
lstm_seed11,500104102,1400,2.3561060428619385
lstm_seed11,500104130,1400,1.5492647886276245
lstm_seed11,500104158,1400,1.5212883949279785
lstm_seed11,500105028,1400,4.369889259338379
lstm_seed11,500105058,1400,0.7846638560295105
lstm_seed11,500105089,1400,2.740633964538574
lstm_seed11,500105119,1400,1.2550134658813477
lstm_seed11,500106019,1400,3.1138412952423096
lstm_seed11,500106055,1400,7.181873798370361
lstm_seed11,500106087,1400,2.022545576095581
lstm_seed11,500106115,1400,2.196592330932617
lstm_seed11,500106147,1400,2.3976829051971436
lstm_seed11,500107024,1400,7.38746976852417
lstm_seed11,500107053,1400,2.0560948848724365
lstm_seed11,500107086,1400,1.8683128356933594
lstm_seed11,500107115,1400,3.312897205352783
lstm_seed11,500107142,1400,2.5796024799346924
lstm_seed11,500107172,1400,3.6040632724761963
lstm_seed11,500107200,1400,2.8930296897888184
lstm_seed11,500108020,1400,3.215479850769043
lstm_seed11,500108049,1400,4.5679612159729
lstm_seed11,500108079,1400,1.1824618577957153
lstm_seed11,500108111,1400,1.8778445720672607
lstm_seed11,500108142,1400,1.3558133840560913
lstm_seed11,500108174,1400,2.8960282802581787
lstm_seed11,500108203,1400,2.323451042175293
lstm_seed11,500108235,1400,1.099407434463501
lstm_seed11,500109023,1400,6.011104106903076
lstm_seed11,500109053,1400,6.256516456604004
lstm_seed11,500109084,1400,1.3551576137542725
lstm_seed11,500109112,1400,2.2622923851013184
lstm_seed11,500110005,1400,7.642332553863525
lstm_seed11,500110033,1400,3.562584161758423
lstm_seed11,500110061,1400,3.629183292388916
lstm_seed11,500110091,1400,4.449280261993408
lstm_seed11,500111008,1400,4.499680995941162
lstm_seed11,500111038,1400,4.289714813232422
lstm_seed11,500111066,1400,1.373043179512024
lstm_seed11,500111095,1400,2.5348734855651855
lstm_seed11,500112001,1400,3.795741558074951
lstm_seed11,500112029,1400,6.401850700378418
lstm_seed11,500112059,1400,3.357290029525757
lstm_seed11,500112089,1400,3.024092435836792
lstm_seed11,500112117,1400,3.251338005065918
lstm_seed11,500113016,1400,1.9003175497055054
lstm_seed11,500113047,1400,2.566185712814331
lstm_seed11,500113080,1400,1.1949701309204102
lstm_seed11,500119009,1400,3.4086575508117676
lstm_seed11,500119070,1400,6.936264514923096
lstm_seed11,500119102,1400,7.16631555557251
lstm_seed29,500101001,1400,4.652939319610596
lstm_seed29,500101031,1400,3.3967692852020264
lstm_seed29,500101109,1400,6.200937271118164
lstm_seed29,500101141,1400,3.5211586952209473
lstm_seed29,500101171,1400,3.8400003910064697
lstm_seed29,500101201,1400,3.667086362838745
lstm_seed29,500101231,1400,2.5756428241729736
lstm_seed29,500101260,1400,2.036024570465088
lstm_seed29,500103020,1400,3.0467817783355713
lstm_seed29,500103048,1400,2.7738802433013916
lstm_seed29,500103076,1400,1.8830207586288452
lstm_seed29,500104015,1400,2.1670992374420166
lstm_seed29,500104044,1400,4.560489177703857
lstm_seed29,500104073,1400,4.189135551452637
lstm_seed29,500104102,1400,2.4332187175750732
lstm_seed29,500104130,1400,1.602677583694458
lstm_seed29,500104158,1400,1.4825843572616577
lstm_seed29,500105028,1400,4.217713356018066
lstm_seed29,500105058,1400,0.775592565536499
lstm_seed29,500105089,1400,2.650477886199951
lstm_seed29,500105119,1400,1.2987617254257202
lstm_seed29,500106019,1400,3.0925889015197754
lstm_seed29,500106055,1400,7.156140327453613
lstm_seed29,500106087,1400,2.06318736076355
lstm_seed29,500106115,1400,2.320598840713501
lstm_seed29,500106147,1400,2.37947416305542
lstm_seed29,500107024,1400,7.1845526695251465
lstm_seed29,500107053,1400,2.1100175380706787
lstm_seed29,500107086,1400,1.7686415910720825
lstm_seed29,500107115,1400,3.0765795707702637
lstm_seed29,500107142,1400,2.777482509613037
lstm_seed29,500107172,1400,3.685264825820923
lstm_seed29,500107200,1400,2.8215718269348145
lstm_seed29,500108020,1400,3.183265209197998
lstm_seed29,500108049,1400,5.0951714515686035
lstm_seed29,500108079,1400,1.2959849834442139
lstm_seed29,500108111,1400,2.0390987396240234
lstm_seed29,500108142,1400,1.4539997577667236
lstm_seed29,500108174,1400,2.945554256439209
lstm_seed29,500108203,1400,2.3812623023986816
lstm_seed29,500108235,1400,1.131884217262268
lstm_seed29,500109023,1400,6.1594085693359375
lstm_seed29,500109053,1400,6.402222156524658
lstm_seed29,500109084,1400,1.3711458444595337
lstm_seed29,500109112,1400,2.0357491970062256
lstm_seed29,500110005,1400,7.872833251953125
lstm_seed29,500110033,1400,3.6523220539093018
lstm_seed29,500110061,1400,3.8394789695739746
lstm_seed29,500110091,1400,4.4345598220825195
lstm_seed29,500111008,1400,4.557786464691162
lstm_seed29,500111038,1400,4.377682685852051
lstm_seed29,500111066,1400,1.4177069664001465
lstm_seed29,500111095,1400,2.5154669284820557
lstm_seed29,500112001,1400,3.8761353492736816
lstm_seed29,500112029,1400,6.530030727386475
lstm_seed29,500112059,1400,3.4059531688690186
lstm_seed29,500112089,1400,3.0529897212982178
lstm_seed29,500112117,1400,3.2908692359924316
lstm_seed29,500113016,1400,1.8794554471969604
lstm_seed29,500113047,1400,2.597137928009033
lstm_seed29,500113080,1400,1.194803237915039
lstm_seed29,500119009,1400,3.4430577754974365
lstm_seed29,500119070,1400,7.063467979431152
lstm_seed29,500119102,1400,7.276632785797119
lstm_seed47,500101001,1400,4.692614555358887
lstm_seed47,500101031,1400,3.577934503555298
lstm_seed47,500101109,1400,6.28272819519043
lstm_seed47,500101141,1400,3.4341371059417725
lstm_seed47,500101171,1400,3.8735439777374268
lstm_seed47,500101201,1400,3.6165077686309814
lstm_seed47,500101231,1400,2.5786709785461426
lstm_seed47,500101260,1400,1.806003451347351
lstm_seed47,500103020,1400,3.2812447547912598
lstm_seed47,500103048,1400,2.7253379821777344
lstm_seed47,500103076,1400,1.854410171508789
lstm_seed47,500104015,1400,2.0649759769439697
lstm_seed47,500104044,1400,4.61947774887085
lstm_seed47,500104073,1400,4.216425895690918
lstm_seed47,500104102,1400,2.2964160442352295
lstm_seed47,500104130,1400,1.5746651887893677
lstm_seed47,500104158,1400,1.4766873121261597
lstm_seed47,500105028,1400,4.261425495147705
lstm_seed47,500105058,1400,0.6860926747322083
lstm_seed47,500105089,1400,2.776064157485962
lstm_seed47,500105119,1400,1.189680814743042
lstm_seed47,500106019,1400,3.1780405044555664
lstm_seed47,500106055,1400,7.788424968719482
lstm_seed47,500106087,1400,2.044262647628784
lstm_seed47,500106115,1400,2.22245192527771
lstm_seed47,500106147,1400,2.3599860668182373
lstm_seed47,500107024,1400,7.594646453857422
lstm_seed47,500107053,1400,2.055485248565674
lstm_seed47,500107086,1400,1.864455223083496
lstm_seed47,500107115,1400,3.1717610359191895
lstm_seed47,500107142,1400,2.525498390197754
lstm_seed47,500107172,1400,3.6233537197113037
lstm_seed47,500107200,1400,2.9601070880889893
lstm_seed47,500108020,1400,3.2015280723571777
lstm_seed47,500108049,1400,5.251303195953369
lstm_seed47,500108079,1400,1.1737747192382812
lstm_seed47,500108111,1400,1.8959180116653442
lstm_seed47,500108142,1400,1.3876996040344238
lstm_seed47,500108174,1400,2.93247389793396
lstm_seed47,500108203,1400,2.441622257232666
lstm_seed47,500108235,1400,1.0652302503585815
lstm_seed47,500109023,1400,5.9276299476623535
lstm_seed47,500109053,1400,6.431602954864502
lstm_seed47,500109084,1400,1.5247042179107666
lstm_seed47,500109112,1400,2.198214292526245
lstm_seed47,500110005,1400,7.957030773162842
lstm_seed47,500110033,1400,3.5705413818359375
lstm_seed47,500110061,1400,3.6975603103637695
lstm_seed47,500110091,1400,4.511997699737549
lstm_seed47,500111008,1400,4.3694000244140625
lstm_seed47,500111038,1400,4.572132587432861
lstm_seed47,500111066,1400,1.461453914642334
lstm_seed47,500111095,1400,2.5540966987609863
lstm_seed47,500112001,1400,3.861032009124756
lstm_seed47,500112029,1400,6.960910797119141
lstm_seed47,500112059,1400,3.321241617202759
lstm_seed47,500112089,1400,2.9893951416015625
lstm_seed47,500112117,1400,3.2287373542785645
lstm_seed47,500113016,1400,1.9122133255004883
lstm_seed47,500113047,1400,2.5780551433563232
lstm_seed47,500113080,1400,1.1876500844955444
lstm_seed47,500119009,1400,3.606834650039673
lstm_seed47,500119070,1400,6.830326557159424
lstm_seed47,500119102,1400,7.296716690063477
lstm_ensemble,500101001,1400,4.6424360275268555
lstm_ensemble,500101031,1400,3.4619359970092773
lstm_ensemble,500101109,1400,6.1922125816345215
lstm_ensemble,500101141,1400,3.4640772342681885
lstm_ensemble,500101171,1400,3.802797794342041
lstm_ensemble,500101201,1400,3.619826555252075
lstm_ensemble,500101231,1400,2.549314022064209
lstm_ensemble,500101260,1400,1.89322829246521
lstm_ensemble,500103020,1400,3.073692560195923
lstm_ensemble,500103048,1400,2.7301833629608154
lstm_ensemble,500103076,1400,1.844741940498352
lstm_ensemble,500104015,1400,2.092043399810791
lstm_ensemble,500104044,1400,4.58140230178833
lstm_ensemble,500104073,1400,4.197597503662109
lstm_ensemble,500104102,1400,2.354642629623413
lstm_ensemble,500104130,1400,1.5525397062301636
lstm_ensemble,500104158,1400,1.4663727283477783
lstm_ensemble,500105028,1400,4.257390022277832
lstm_ensemble,500105058,1400,0.7087417244911194
lstm_ensemble,500105089,1400,2.7024831771850586
lstm_ensemble,500105119,1400,1.2268251180648804
lstm_ensemble,500106019,1400,3.115476369857788
lstm_ensemble,500106055,1400,7.290573596954346
lstm_ensemble,500106087,1400,2.0239439010620117
lstm_ensemble,500106115,1400,2.235710859298706
lstm_ensemble,500106147,1400,2.3630425930023193
lstm_ensemble,500107024,1400,7.314208984375
lstm_ensemble,500107053,1400,2.0574519634246826
lstm_ensemble,500107086,1400,1.8290586471557617
lstm_ensemble,500107115,1400,3.1656620502471924
lstm_ensemble,500107142,1400,2.608022928237915
lstm_ensemble,500107172,1400,3.627239227294922
lstm_ensemble,500107200,1400,2.875058889389038
lstm_ensemble,500108020,1400,3.1934430599212646
lstm_ensemble,500108049,1400,4.819369792938232
lstm_ensemble,500108079,1400,1.1994816064834595
lstm_ensemble,500108111,1400,1.9278526306152344
lstm_ensemble,500108142,1400,1.3849629163742065
lstm_ensemble,500108174,1400,2.9136011600494385
lstm_ensemble,500108203,1400,2.3674581050872803
lstm_ensemble,500108235,1400,1.0877071619033813
lstm_ensemble,500109023,1400,5.950243949890137
lstm_ensemble,500109053,1400,6.33644962310791
lstm_ensemble,500109084,1400,1.3572152853012085
lstm_ensemble,500109112,1400,2.1401312351226807
lstm_ensemble,500110005,1400,7.699596881866455
lstm_ensemble,500110033,1400,3.5837366580963135
lstm_ensemble,500110061,1400,3.7102086544036865
lstm_ensemble,500110091,1400,4.443264484405518
lstm_ensemble,500111008,1400,4.440808296203613
lstm_ensemble,500111038,1400,4.254205703735352
lstm_ensemble,500111066,1400,1.4026905298233032
lstm_ensemble,500111095,1400,2.5269596576690674
lstm_ensemble,500112001,1400,3.826606512069702
lstm_ensemble,500112029,1400,6.56255578994751
lstm_ensemble,500112059,1400,3.3479931354522705
lstm_ensemble,500112089,1400,3.0076582431793213
lstm_ensemble,500112117,1400,3.2434558868408203
lstm_ensemble,500113016,1400,1.8875948190689087
lstm_ensemble,500113047,1400,2.574664354324341
lstm_ensemble,500113080,1400,1.174320936203003
lstm_ensemble,500119009,1400,3.458738088607788
lstm_ensemble,500119070,1400,6.902090072631836
lstm_ensemble,500119102,1400,7.23636531829834
