station_name,borrow_count,return_count,current_station_match,total_activity
捷運公館站(2號出口),187602,17478,True,205080
捷運芝山站(2號出口)_1,132011,7916,True,139927
捷運科技大樓站,123231,13465,True,136696
捷運公館站(3號出口),110013,13263,True,123276
捷運劍潭站(2號出口),117843,4871,True,122714
捷運中山國中站,103120,14896,True,118016
捷運龍山寺站(1號出口),96829,11326,True,108155
捷運圓山站(1號出口),81721,15620,True,97341
捷運六張犁站,85122,11462,True,96584
捷運行天宮站(3號出口),82030,14288,True,96318
捷運芝山站(1號出口),84959,4591,True,89550
捷運永春站(2號出口),72009,13442,True,85451
捷運臺北101/世貿站(2號出口),74747,8624,True,83371
捷運劍南路站(2號出口),74280,6421,True,80701
捷運東門站(5號出口),66817,13075,True,79892
捷運南京三民站(1號出口),70604,6885,True,77489
捷運北投站(1號出口),68157,9144,True,77301
捷運圓山站(2號出口),68122,6873,True,74995
捷運北門站(3號出口),61279,12530,True,73809
捷運象山站(3號出口),65397,3959,True,69356
捷運象山站(2號出口),64568,4275,True,68843
捷運石牌站(2號出口),60292,8499,True,68791
捷運松江南京站(7號出口),55920,7520,True,63440
捷運古亭站(2號出口),54717,7921,True,62638
捷運大安站(4號出口),54580,7861,True,62441
捷運信義安和站(4號出口),47333,14598,True,61931
捷運大安森林公園站(5號出口),54769,6835,True,61604
捷運士林站(2號出口),51957,7651,True,59608
捷運南港展覽館站(5號出口),55793,3340,True,59133
捷運忠孝復興站(2號出口),48771,10108,True,58879
捷運國父紀念館站(2號出口),48447,9442,True,57889
捷運後山埤站(2號出口),48725,6887,True,55612
捷運市政府站(3號出口),45483,8674,True,54157
捷運中山站(2號出口),40951,12014,True,52965
捷運大橋頭站(2號出口),46028,5650,True,51678
捷運古亭站(5號出口),45620,5606,True,51226
臺灣師範大學(圖書館),5838,45350,True,51188
臺北醫學大學,3131,48017,True,51148
捷運奇岩站(三合街),44032,5291,True,49323
捷運士林站(1號出口),42682,6509,True,49191
捷運關渡站(1號出口),40034,8037,True,48071
捷運大安森林公園站(2號出口),37955,9062,True,47017
捷運西門站(3號出口),39724,7200,True,46924
捷運劍潭站(1號出口),41130,4040,True,45170
捷運南京復興站(5號出口),37306,7700,True,45006
臺灣科技大學側門,10593,33850,True,44443
百齡國小,762,43256,True,44018
臺北市立圖書館(總館),3514,40499,True,44013
捷運雙連站(2號出口),32010,10677,True,42687
捷運中山站(5號出口),33258,7863,True,41121
中華桂林路口,14421,26594,True,41015
捷運中山國小站(4號出口),36068,4930,True,40998
捷運昆陽站(1號出口),36458,4354,True,40812
西本願寺廣場,31507,8777,True,40284
南京遼寧街口,31752,8137,True,39889
建國和平路口西北側,5374,34326,True,39700
捷運大安站(3號出口),32652,6714,True,39366
臺大大一女舍北側,36392,2774,True,39166
松仁路95巷口,6739,32328,True,39067
捷運明德站(3號出口),32936,5350,True,38286
信義廣場(臺北101),29412,8396,True,37808
捷運善導寺站(3號出口)(忠孝東路側),31277,6234,True,37511
永樂市場,4904,31939,True,36843
捷運信義安和站(1號出口),27793,8415,True,36208
捷運松山站(3號出口),30593,5354,True,35947
捷運臺大醫院站(4號出口),25297,9950,True,35247
捷運港墘站(2號出口),32252,2788,True,35040
捷運文德站(2號出口),32507,2311,True,34818
吳興公車總站,10190,24437,True,34627
捷運龍山寺站(1號出口)_1,27719,6652,True,34371
興雅松仁路口,29030,5161,True,34191
樂群二敬業四路口,1775,32021,True,33796
捷運唭哩岸站(2號出口),27863,4470,True,32333
捷運內湖站(1號出口),29879,2383,True,32262
捷運松山站(4號出口),26420,5786,True,32206
捷運公館站(1號出口),27024,5178,True,32202
捷運古亭站(6號出口),26270,5797,True,32067
臺大第一活動中心西南側,2908,29099,True,32007
捷運忠孝新生站(4號出口),26752,4680,True,31432
象山公園,6613,24610,True,31223
蘭雅公園,3227,27681,True,30908
捷運景美站(2號出口),26001,4522,True,30523
和平龍泉街口,5251,25264,True,30515
臺大社科院西側,3057,27411,True,30468
新生和平路口東北側,8181,22249,True,30430
捷運臺電大樓站(2號出口),27263,2939,True,30202
捷運南京三民站(2號出口),23232,6711,True,29943
蘭興公園,2554,27275,True,29829
臺大小福樓東側,4692,24798,True,29490
捷運南京復興站(7號出口),24907,4560,True,29467
雨農國小,3857,25534,True,29391
臺灣科技大學後門,1082,27989,True,29071
吳興街260巷,1989,26803,True,28792
士林運動中心,3164,24803,True,27967
光華商場,14131,13676,True,27807
中山行政中心,9727,17943,True,27670
臺北市災害應變中心,2388,25248,True,27636
健安新城,4466,23017,True,27483
松山車站,19371,8072,True,27443
北投運動中心,1149,26185,True,27334
捷運萬隆站(2號出口),24713,2621,True,27334
捷運臺北101/世貿站(3號出口),23722,3493,True,27215
捷運忠孝敦化站(7號出口),21046,5826,True,26872
捷運信義安和站(2號出口),20632,6224,True,26856
牯嶺公園,1454,25233,True,26687
清江國小,584,26044,True,26628
臺北孔廟,3309,23220,True,26529
林森長春路口,3105,23018,True,26123
臺大鹿鳴堂東側,20091,5977,True,26068
復興南路二段273號前,20865,5060,True,25925
復興南路二段128巷口,4792,20791,True,25583
捷運小巨蛋站(3號出口),20263,5200,True,25463
臺大新體育館東南側,4318,20984,True,25302
敦親公園,1818,23357,True,25175
金華公園,3479,21569,True,25048
朱崙商場,1765,23220,True,24985
捷運古亭站(8號出口),22911,1980,True,24891
安強公園,1110,23663,False,24773
捷運西湖站(1號出口),21917,2680,True,24597
信義敦化路口,12656,11900,True,24556
文湖國小,1854,22631,True,24485
捷運大安站(5號出口),20484,3897,True,24381
大稻埕碼頭,7318,17021,True,24339
民生活動中心,4010,20267,True,24277
捷運忠孝新生站(2號出口),19023,5243,True,24266
捷運臺電大樓站(2號出口)_1,19836,4334,True,24170
捷運西門站(5號出口),19120,4963,True,24083
捷運小巨蛋站(5號出口)_1,21114,2797,True,23911
福德公園,2665,21086,True,23751
士林新天地,770,22729,True,23499
捷運萬隆站(4號出口),20249,3180,True,23429
敦化南路二段103巷口,2216,21095,True,23311
龍門廣場,15708,7555,True,23263
捷運松江南京站(8號出口),19256,3931,True,23187
捷運後山埤站(3號出口),19188,3925,True,23113
仁愛醫院,5856,16887,True,22743
興安華城,3835,18738,True,22573
圓環站,5040,17401,True,22441
信義建國路口,16125,6141,True,22266
仁愛延吉街口,4279,17863,True,22142
芝山國小,586,21523,True,22109
捷運港墘站(1號出口),19534,2510,True,22044
和平重慶路口,2516,19507,True,22023
市府松高路口,16160,5813,True,21973
捷運後山埤站(1號出口),17691,4261,True,21952
復興市民路口,5559,16392,True,21951
捷運萬隆站(1號出口),19006,2883,True,21889
捷運小南門站(1號出口),19147,2723,True,21870
民生敦化路口,7684,14052,True,21736
內政部營建署,2622,19098,False,21720
三張犁,3555,18098,True,21653
捷運松江南京站(4號出口),18085,3519,True,21604
捷運國父紀念館站(1號出口),16636,4761,True,21397
辛亥復興路口西北側,4421,16917,True,21338
臺大男一舍前,960,20309,True,21269
南昌公園,16614,4632,True,21246
臺大樂學館東側,8182,13020,True,21202
臺大女九舍西南側,729,20466,True,21195
捷運象山站(1號出口),18747,2294,True,21041
捷運古亭站(9號出口),17351,3654,True,21005
中華峨嵋街口,13508,7486,False,20994
捷運南京復興站(8號出口),17459,3461,True,20920
捷運南京三民站(4號出口),18641,2025,True,20666
捷運公館站(4號出口),16328,4276,True,20604
南京東興路口,17022,3538,True,20560
臺大椰林小舖,16692,3698,True,20390
捷運大直站(1號出口),17642,2633,True,20275
民有一號公園,3279,16972,True,20251
福德國小,1334,18827,True,20161
捷運大橋頭站(1A出口),17179,2839,True,20018
信義杭州路口,5370,14533,True,19903
第二果菜批發市場,1378,18472,True,19850
捷運北投站(1號出口)(北投路側),17644,2083,True,19727
福港街停車場,343,19336,True,19679
重慶酒泉街口,3213,16437,True,19650
光復南路22巷口,4284,15335,True,19619
南機場夜市(中華路二段),7521,12041,True,19562
和平新生路口西南側,4753,14724,True,19477
捷運南京三民站(3號出口),15736,3738,True,19474
松仁路253巷3弄,2320,17094,True,19414
臺大工綜館南側,1334,17992,True,19326
捷運科技大樓站(臺北教育大學),11755,7402,True,19157
南港車站(市民大道),16883,2211,True,19094
榮星花園,2253,16814,True,19067
捷運民權西路站(2號出口),17296,1741,True,19037
松德站,974,17999,True,18973
金山信義路口,14436,4527,True,18963
敦化南京路口(東北側),13726,5021,True,18747
南京林森路口(東南側),5112,13506,False,18618
泰和公園,487,18093,True,18580
臺北田徑場,10854,7672,True,18526
新生南路三段82號前,9168,9322,True,18490
臺北南山廣場_1,6901,11454,True,18355
捷運市政府站(4號出口),14451,3685,True,18136
重慶民族路口,3011,15124,True,18135
中正基河路口,8062,10067,True,18129
捷運芝山站(2號出口),16814,1206,True,18020
捷運東湖站,15540,2462,True,18002
和平泰順街口,2205,15735,True,17940
南京建國路口,4634,13258,True,17892
松友公園,1232,16625,True,17857
捷運中正紀念堂站(3號出口),14895,2868,True,17763
嘉興公園,1815,15944,True,17759
信義連雲街口,11495,6234,True,17729
劍潭基河路口,15652,2074,True,17726
聖山綠地,653,17057,True,17710
忠孝西重慶南路口,9559,8126,True,17685
捷運行天宮站(1號出口),13479,4183,True,17662
瑞湖陽光街口,650,16981,True,17631
捷運小巨蛋站(2號出口),13940,3673,True,17613
華齡公園,1615,15979,True,17594
捷運忠孝新生站(1號出口),14075,3500,True,17575
臺大立體機車停車場,10038,7497,True,17535
華江高中,3301,14177,True,17478
臺大社會系館南側,940,16412,True,17352
國立臺北大學(臺北校區),3211,14126,True,17337
伊通長安路口,2155,15179,True,17334
永吉松信路口,2463,14854,True,17317
敦北公園,11830,5463,True,17293
松德路200巷,1820,15411,True,17231
和平金山路口,10402,6741,True,17143
士林3號廣場,13039,4084,True,17123
捷運忠孝新生站(3號出口),14076,2875,True,16951
捷運中正紀念堂站(2號出口),13970,2946,True,16916
民生光復路口,2295,14532,True,16827
基隆長興路口東側,6192,10580,True,16772
捷運昆陽站(4號出口),14821,1948,True,16769
南京新生路口,2830,13931,True,16761
螢橋國小,1046,15708,True,16754
捷運臺北101/世貿站(5號出口),12207,4488,True,16695
捷運中正紀念堂站(5號出口),13060,3526,True,16586
嘉興街175巷口,5832,10641,True,16473
捷運東門站(3號出口),12049,4322,True,16371
復興南路1段340巷口,4989,11343,True,16332
南港車站(興華路),13716,2541,True,16257
捷運忠孝敦化站(2號出口),10524,5575,True,16099
南京光復路口,3971,11841,True,15812
民權龍江路口,6554,9242,True,15796
開封西寧路口,3097,12667,True,15764
捷運小南門站(2號出口),13795,1934,True,15729
成功國宅,2925,12760,True,15685
捷運民權西路站(3號出口),12232,3369,True,15601
臺大博理館西側,844,14669,True,15513
江寧公園,1401,14077,True,15478
林口公園,3447,12019,True,15466
捷運葫洲站(1號出口),13359,2100,True,15459
民生國小(敦化北路199巷),1544,13866,True,15410
臺大男八舍東側,1086,14266,True,15352
建國南路一段279巷口,2030,13315,True,15345
捷運大直站(3號出口),13164,2118,True,15282
新生南路一段119巷口,10441,4835,True,15276
健康新城,2838,12435,True,15273
萬華266號綠地,5205,10007,True,15212
和平敦化路口,7772,7374,True,15146
林森公園,6903,8235,True,15138
光復信義路口東南側,3383,11741,True,15124
捷運復興崗站(1號出口),12838,2281,True,15119
林森徐州路口,2040,13075,True,15115
國防大學政治作戰學院,448,14630,True,15078
捷運臺電大樓站(1號出口),12002,3067,True,15069
敦化基隆路口,2350,12703,True,15053
承德劍潭路口,11275,3745,True,15020
三興國小,3403,11594,True,14997
西松高中(健康路325巷),891,14080,True,14971
捷運西門站(2號出口),12776,2165,True,14941
民生立體停車場,4273,10628,True,14901
華西公園,3372,11477,True,14849
汀州思源街口東南側,11301,3515,True,14816
捷運辛亥站,13506,1302,True,14808
羅斯福路三段311號前,8283,6482,True,14765
捷運西湖站(2號出口),13142,1615,True,14757
忠誠路二段53巷,829,13863,True,14692
饒河疏散門(基四號疏散門),9307,5309,True,14616
和平復興路口西北側,8912,5693,True,14605
捷運小巨蛋站(5號出口),10279,4321,True,14600
臺大農業陳列館北側,8631,5901,True,14532
捷運善導寺站(3號出口),10855,3603,True,14458
承德民權路口,11868,2586,True,14454
景行公園,12402,2013,True,14415
文化三杏林一路口,465,13898,True,14363
蘭雅國小,2948,11398,True,14346
臺大共同教室東南側,9485,4857,True,14342
中正運動中心,3229,11106,True,14335
捷運南京復興站(1號出口),11636,2644,True,14280
和平東建國南路口,1993,12268,True,14261
士東路91巷口,697,13523,True,14220
通河街76巷/承德路四段10巷口,545,13638,True,14183
臺大動物醫院前,5627,8542,True,14169
捷運中山國小站(2號出口),11934,2208,True,14142
捷運臺北車站(M2出口),10430,3710,True,14140
龍江錦州街口,3460,10661,True,14121
中華漢口街口,6296,7794,True,14090
紀州庵,832,13182,True,14014
臺大男六舍前,1629,12383,True,14012
臨江街夜市(通化街101巷口),2768,11210,True,13978
民族延平路口,1074,12896,True,13970
忠誠路一段173巷口,1384,12567,True,13951
中山天母路口,2716,11158,True,13874
捷運劍南路站(1號出口),12595,1253,True,13848
基河文林路口,11452,2358,True,13810
敦化八德路口,3493,10308,True,13801
捷運大安站(6號出口),10360,3350,True,13710
南京太原路口,4689,8978,True,13667
中山徐州路口,7140,6418,True,13558
捷運忠孝復興站(5號出口),10487,3059,True,13546
臺大黑森林西側,1422,12113,True,13535
羅斯福三段金門街口,5255,8259,True,13514
松仁路121巷口,7975,5505,True,13480
臺大天文數學館南側,680,12765,True,13445
成功金龍路口,11715,1721,True,13436
捷運松山站(2號出口),11378,1988,True,13366
捷運善導寺站(1號出口),10450,2772,True,13222
信義大安路口(信維大樓),7068,6145,True,13213
光復北路11巷口,4791,8407,True,13198
信義路三段134巷口,4656,8459,True,13115
銘傳國小側門,11329,1738,True,13067
新生南路三段94巷口,6409,6646,True,13055
捷運明德站(1號出口),10861,2178,True,13039
捷運石牌站(1號出口),11490,1542,True,13032
大安高工,6098,6901,True,12999
臺大心理系館南側,500,12464,True,12964
景華街128巷口,630,12309,True,12939
金瑞公園,399,12459,True,12858
忠誠公園,6268,6580,True,12848
中崙高中,2107,10728,True,12835
捷運臺大醫院站(1號出口),10241,2534,True,12775
樹德公園_1,1327,11445,True,12772
臺北市藝文推廣處,3196,9545,True,12741
大稻埕公園,1596,11128,True,12724
臺北市立美術館_1,8243,4477,True,12720
瑞安街208巷,818,11882,True,12700
和平臥龍街口,3576,9059,True,12635
仁愛安和路口,3798,8774,True,12572
永盛公園(民生東路一段23巷),2188,10321,True,12509
民權建國路口,5710,6759,True,12469
聯合醫院中興院區,1377,11064,True,12441
臺大凝態館南側,2275,10121,True,12396
聯合醫院和平院區,5049,7308,True,12357
太原廣場,6260,6067,True,12327
松德公園,582,11716,True,12298
臺北遠企購物中心,5298,6965,True,12263
天母棒球場,4247,7989,True,12236
峨嵋停車場,4191,7980,False,12171
捷運松山站(1號出口),9780,2298,True,12078
酒泉延平路口,534,11517,True,12051
重慶保安街口(家樂福重慶店),2807,9134,True,11941
松江民生路口,8366,3457,True,11823
?公公園,7780,4031,False,11811
臺北市立圖書館大同分館,2445,9350,True,11795
臺北花木批發市場,4214,7540,True,11754
松德虎林街口,2183,9566,True,11749
臺大計資中心南側,448,11295,True,11743
臺大男七舍前,422,11313,True,11735
松山工農,1359,10314,True,11673
臺北科技大學億光大樓,2023,9634,True,11657
臺大生命科學館西北側,5557,6071,True,11628
合心廣場,7820,3785,True,11605
羅斯福寧波東街口,7147,4450,True,11597
捷運木柵站,9308,2268,True,11576
捷運大湖公園站(2號出口),9740,1759,True,11499
劍潭海外青年活動中心_1,2616,8878,True,11494
捷運北投站,9379,2114,True,11493
德行公園,6967,4509,True,11476
臺大總圖書館西南側,3121,8342,True,11463
關渡自然公園,297,11166,True,11463
捷運麟光站(2號出口),7435,3897,True,11332
敦化南路二段81巷,2063,9223,True,11286
臥龍基隆路口,6403,4815,True,11218
德明財經科技大學,1039,10154,True,11193
春光公園,5906,5282,True,11188
臨江街夜市(基隆路),3125,8051,True,11176
關渡醫院,1265,9815,True,11080
捷運新北投站,4152,6864,True,11016
敦化長春路口,3609,7389,True,10998
陽明大學,1146,9791,True,10937
陽明交大圖書館,569,10351,True,10920
和平公園東側,3047,7863,True,10910
碧山公園,359,10548,True,10907
華齡街185巷口,214,10668,True,10882
臺大舊體育館西側,1063,9790,True,10853
基隆忠孝路口西南側,4777,6068,True,10845
劍潭海外青年活動中心,5325,5509,True,10834
捷運南港展覽館站(7號出口),10004,778,True,10782
民生建國路口,1914,8849,True,10763
萬有3號公園,1433,9310,True,10743
志成公園,4473,6266,True,10739
復華花園新城,2780,7939,True,10719
華山文創園區,3861,6832,True,10693
天母運動公園,1324,9311,True,10635
中山堂,4116,6473,True,10589
辛亥新生路口東南側,4181,6389,True,10570
前港公園(前港街),2661,7891,True,10552
南京東路四段179巷口,3578,6969,True,10547
捷運大直站(3號出口)_1,8548,1996,True,10544
民生復興路口,1951,8592,True,10543
臺北市立天文館,749,9768,True,10517
松江路431巷口,742,9763,True,10505
民權建國路口(南側),3235,7263,True,10498
中研公園,863,9625,True,10488
臺大電機二館東南側,1117,9370,True,10487
建國長春路口(北側),1038,9448,True,10486
松勤莊敬路口,6828,3656,True,10484
松山家商(林口街),2306,8111,True,10417
臺北市立大學(天母校區),356,10047,True,10403
承德路三段8巷口,8272,2128,True,10400
南京東路五段59巷口,2227,8172,True,10399
市民林森路口,1587,8804,True,10391
捷運線型公園(後街),1685,8682,True,10367
信義基隆路口,2842,7525,True,10367
南京龍江路口,5011,5329,True,10340
玉成公園(成福路178巷口),567,9766,True,10333
愛國金山路口,2933,7341,True,10274
松山路292巷口,4797,5469,True,10266
幸安國小(仁愛路),2324,7907,True,10231
臺大社科院圖書館前,2039,8176,True,10215
蔣渭水紀念公園,1311,8897,True,10208
湖光國宅,384,9814,True,10198
華江八號公園,1405,8792,True,10197
信義延吉街口,3624,6556,True,10180
大安運動中心停車場,4898,5278,True,10176
虎林永吉路口,3034,7138,True,10172
松智松壽路口,4733,5403,True,10136
西園艋舺路口,6810,3305,True,10115
中山農安街口,2682,7419,True,10101
師大公館校區學二舍,1022,9073,True,10095
復源公園,840,9238,True,10078
桂林昆明街口,1860,8214,True,10074
振興醫院,1389,8685,True,10074
興豐公園,2938,7100,True,10038
臺大醫院兒童醫院,6284,3752,True,10036
中全公園,1646,8325,True,9971
捷運動物園站(2號出口),8964,996,True,9960
臺北市立美術館,7836,2107,True,9943
中正高中,359,9565,True,9924
仁愛杭州路口,1049,8862,True,9911
老松國小,4282,5617,True,9899
中山民族路口,1882,8015,True,9897
和平東路二段18巷口,414,9478,True,9892
大豐公園,1337,8546,True,9883
文德三號公園(江南街71巷16弄),2863,7010,True,9873
捷運中正紀念堂站(4號出口),6260,3609,True,9869
松山高中,2029,7839,True,9868
歸綏戲曲公園,1588,8280,True,9868
太原五原路口,2362,7489,True,9851
仁愛敦南圓環(西北側),4140,5711,True,9851
捷運唭哩岸站(1號出口),7284,2518,True,9802
芳和國中,730,9021,False,9751
建國農安街口,549,9156,True,9705
林森仁愛路口,2561,7127,True,9688
榮華二明德路口,558,9111,True,9669
建國濟南路口,2040,7612,True,9652
林森德惠街口,787,8853,True,9640
樂群二敬業三路口,1250,8388,True,9638
國興青年路口,3182,6402,True,9584
關渡宮,2393,7178,True,9571
臺大禮賢樓東南側,5174,4397,True,9571
劍潭抽水站,230,9317,True,9547
捷運臺電大樓站(4號出口),6034,3513,True,9547
興安合江路口,770,8773,True,9543
奇岩4號綠地,262,9277,True,9539
孫立人將軍官邸,2759,6768,True,9527
捷運南港展覽館站(4號出口),8618,875,True,9493
研究院舊莊街口,5578,3911,True,9489
臺大國青大樓宿舍前,770,8715,True,9485
臺北轉運站(華陰街),4811,4650,True,9461
南門國中,5238,4221,True,9459
新東街51巷口,1990,7458,True,9448
臺北市立大學(博愛校區),3740,5687,True,9427
第二學生活動中心,6286,3131,True,9417
臺北健康護理大學(教研大樓),2326,7073,True,9399
辛亥新生路口西北側,1361,8021,True,9382
捷運內湖站(2號出口),8543,812,True,9355
忠孝東路三段217巷口,3610,5726,False,9336
朝陽公園,2206,7124,True,9330
臺大新生教室南側,543,8733,True,9276
重慶國中,333,8940,True,9273
興福國中,209,9057,True,9266
市民東興路口,1521,7744,True,9265
永吉路321巷口,947,8302,True,9249
復興北路514巷口東側,452,8790,True,9242
平安新城,353,8887,True,9240
臺大一號館,7085,2153,True,9238
通北街65巷口,481,8738,True,9219
臺北護理大學,5311,3903,True,9214
小彎社會住宅,492,8694,True,9186
師範大學公館校區_1,1544,7637,True,9181
八德市場,1018,8137,True,9155
復興南路一段126巷口,6026,3123,True,9149
大業大同街口,612,8533,True,9145
林森濟南路口(東北側),3598,5516,True,9114
僑安地下停車場(2號出口)東南側,5268,3825,True,9093
大龍公園,1963,7088,True,9051
大同運動中心,1889,7144,True,9033
仁愛林森路口,870,8156,True,9026
三軍總醫院(松山分院),1172,7852,True,9024
建國五常街口,1043,7955,True,8998
新生南路三段66號前,2210,6787,True,8997
東陽公園,394,8596,True,8990
松江公園,5908,3023,True,8931
臺北轉運站,4683,4215,True,8898
立人國小,1797,7090,True,8887
仁愛路四段496巷口,2020,6845,True,8865
捷運動物園站,7390,1456,True,8846
東新國小,614,8231,True,8845
芝山抽水站,408,8434,True,8842
延平國宅,314,8526,True,8840
撫順公園,4945,3883,True,8828
景仁公園_1,928,7884,True,8812
王貫英先生紀念圖書館,1425,7376,True,8801
雅祥公園(松信路50巷口),754,7986,True,8740
下埤公園,396,8339,True,8735
景美醫院,6234,2490,True,8724
臺北市政府,4563,4137,True,8700
南海和平路口西南側,2655,6039,True,8694
世貿公園,2729,5940,True,8669
復興南路二段280號前,6048,2607,True,8655
青年公園3號出口,2381,6254,True,8635
捷運萬芳醫院站(興隆路三段115巷),7370,1252,True,8622
新東公園,2160,6456,True,8616
白雲國小,0,8597,False,8597
新生南路三段52號前,4361,4223,True,8584
景聯廣場,3360,5218,True,8578
文林福華路口,5999,2541,True,8540
洲子二號公園,1803,6734,False,8537
富臺公園,2608,5902,True,8510
成德國中,498,7994,True,8492
捷運中山站(3號出口),6597,1886,True,8483
東湖國小,5448,2974,True,8422
光明溫泉路口,1552,6857,True,8409
臺大管理學院二館北側,5650,2751,True,8401
忠孝東路四段49巷口,5954,2445,True,8399
中山北路二段59巷口,2490,5902,True,8392
陳天來故居,612,7779,True,8391
吳興街284巷(廣安宮),321,8057,True,8378
臺北數位產業園區,1938,6439,True,8377
吉林路407巷口,575,7774,True,8349
協和祐德高級中學,4519,3817,True,8336
南京伊通街口,4904,3422,True,8326
重慶南詔安街口,3003,5321,True,8324
忠孝東路六段225巷口,1265,7030,True,8295
啟明學校,2045,6247,True,8292
中山中正路口,5060,3222,True,8282
三興公園,702,7559,True,8261
糖?文化園區,1347,6902,False,8249
民權運動公園,2610,5621,True,8231
萬和二號公園,1304,6914,True,8218
金甌女中,2695,5512,True,8207
臺大水源舍區B棟,1290,6903,True,8193
扶輪親恩公園,7220,964,True,8184
臺大法人語言訓練中心前,941,7225,True,8166
捷運古亭站(7號出口),6321,1835,True,8156
捷運大安站(2號出口),4872,3275,True,8147
自來水園區,3351,4787,True,8138
豐年公園_1,1081,7047,True,8128
臺大明達館機車停車場,2736,5390,True,8126
大安運動中心,2752,5356,True,8108
四維路170巷口,1986,6100,True,8086
永吉公園,1924,6123,True,8047
五常國中,1073,6967,True,8040
民權吉林路口,3058,4981,True,8039
錦德公園,247,7778,True,8025
捷運龍山寺站(3號出口),6480,1530,True,8010
延平南路133巷口,2507,5484,True,7991
喬治工商,1691,6288,True,7979
樂群二明水路口,1011,6936,True,7947
捷運臺電大樓站(5號出口),5523,2398,True,7921
臺大獸醫館南側,828,7084,True,7912
大湖國小,369,7521,True,7890
敬業三樂群三路口(西北側),5227,2644,False,7871
國家圖書館,2030,5836,True,7866
松江長春路口,4321,3519,True,7840
瑞光港墘路口,2437,5396,True,7833
信義運動中心,2057,5776,True,7833
南港公園(福德街),632,7201,True,7833
仁愛路四段48巷口,820,6998,True,7818
郵政博物館,3270,4535,True,7805
捷運忠孝新生站(5號出口),5901,1901,True,7802
士商路40巷口,295,7501,True,7796
南港國小,589,7193,True,7782
文山第二行政中心,2249,5517,True,7766
中山青島路口,5060,2690,True,7750
仁愛敦南圓環(東南側),3294,4436,True,7730
陽明高中,2473,5226,True,7699
復興南路二段340巷口,2467,5228,True,7695
景新公園,2042,5650,True,7692
克勤新村,318,7324,True,7642
承德民生西路口,3998,3608,True,7606
農安雙城街口,2306,5291,True,7597
臺大五號館西側,4697,2896,True,7593
新生農安街口,1349,6234,True,7583
重慶長安路口,2101,5443,True,7544
文林建民路口,462,7067,True,7529
臺大醫學院附設癌醫中心,674,6823,True,7497
復盛公園,548,6928,True,7476
安和路二段181巷口,704,6749,True,7453
臺泥大樓,3248,4181,True,7429
北投文化公園(北側),435,6980,True,7415
捷運淡水站,0,7414,False,7414
綠堤社區公園,254,7159,True,7413
師範大學公館校區,1691,5715,True,7406
世貿三館,4113,3276,True,7389
敦化南路二段293巷口南側,5564,1785,True,7349
辛亥路一段30號前,5196,2148,True,7344
萬華國中_1,3453,3890,True,7343
臺大土木研究大樓前,1863,5471,True,7334
臺灣科技大學正門,696,6636,True,7332
萬華火車站(D2廣場),4612,2695,True,7307
原臺北刑務所官舍,1096,6197,True,7293
力行橋(南港),2674,4575,True,7249
民權東路三段106巷口,3813,3420,True,7233
外交部外交及國際事務學院,1655,5567,True,7222
龍興里活動中心,523,6672,True,7195
中山北路五段698巷口,2258,4924,True,7182
美崙公園,397,6754,True,7151
市民金山路口,2590,4553,True,7143
基隆路一段101巷口,1523,5582,True,7105
羅斯福景隆街口,4525,2564,True,7089
福山公園,507,6570,True,7077
捷運南港站(2號出口),6565,511,True,7076
公館公園,256,6815,True,7071
忠誠路一段138號,860,6202,True,7062
至誠雨聲街口,531,6506,True,7037
捷運忠孝新生站(6號出口),5654,1364,True,7018
大龍峒社會住宅,4781,2209,True,6990
國北教大側門南側,934,6048,True,6982
基隆路二段159巷口,3301,3675,True,6976
萬大路486巷口,4560,2415,True,6975
市民復興路口(東南側),2646,4322,True,6968
民權延平路口(西北側),4908,2027,True,6935
國北教大實小東側門,2015,4910,True,6925
臺大水源舍區A棟,1391,5527,True,6918
新喜公園,466,6449,True,6915
安泰街83巷,170,6739,True,6909
中崙福成宮,1453,5437,True,6890
植物園,800,6079,True,6879
國順公園,1543,5335,True,6878
民權吉林路口(南側),3107,3770,True,6877
世新大學,1741,5127,True,6868
臺大圖資系館北側,520,6326,True,6846
興旺公園,115,6722,True,6837
成福路197巷口,281,6554,True,6835
三民路166巷口,2101,4731,True,6832
錦州吉林路口,1877,4942,True,6819
福林公園,5127,1668,True,6795
臺大鄭江樓北側,641,6144,True,6785
東湖國中,2908,3867,True,6775
松高路(信義新天地A4館),3860,2896,True,6756
安康公園,5758,985,True,6743
市府松壽路口,2776,3966,True,6742
樂利路21巷口,623,6095,True,6718
重慶北路三段383巷口,412,6302,True,6714
福林國小,192,6493,True,6685
士林高商,653,6023,True,6676
至善臨溪路口,769,5906,True,6675
市立圖書館葫蘆堵分館,423,6240,True,6663
光信公園(光復南路456巷),1175,5481,True,6656
辛亥泰順街口,1352,5281,True,6633
文湖街81巷10號西側,195,6418,True,6613
劍潭郵局,5626,983,True,6609
百福公園,162,6446,True,6608
宏匯瑞光廣場(港墘路),3724,2852,True,6576
樂群二明水路口_1,1470,5101,True,6571
建國長春路口,677,5891,True,6568
民族林森路口,704,5858,True,6562
龍山國小,2410,4138,True,6548
國家生技園區,144,6395,True,6539
法治公園,547,5978,True,6525
福祥公園,441,6067,True,6508
文山運動中心,4500,1986,True,6486
瑞光公共住宅(瑞光路),468,6014,True,6482
臺大第二行政大樓南側,4615,1863,True,6478
河堤國小,773,5699,True,6472
景美運動公園,1375,5085,True,6460
濱江國小游泳池,241,6210,True,6451
介壽國中,754,5687,True,6441
合樂公園,1574,4858,True,6432
羅斯福路三段245號前,4278,2153,True,6431
東園國小,1167,5255,True,6422
民族玉門街口,4831,1584,True,6415
興隆路2段203巷,225,6182,True,6407
仁愛路四段122巷口,2549,3824,True,6373
振興公園,978,5386,True,6364
寶清公園,1519,4843,True,6362
萬大國小(萬大路344巷口),4371,1981,True,6352
延平北中正路口,3610,2723,True,6333
長壽公園,624,5699,True,6323
中華貴陽街口,2076,4240,True,6316
雙園國中,667,5644,True,6311
臺大永齡生醫工程館,171,6124,True,6295
天母東路8巷/忠誠路二段154巷口,414,5879,True,6293
九華公園,81,6212,True,6293
民權復興路口,1795,4498,True,6293
園區重陽路口,393,5884,True,6277
文德二號公園(北側),4381,1896,True,6277
興南公園,647,5626,True,6273
大度立德路口,2511,3739,True,6250
寶慶博愛路口,2672,3563,True,6235
敦化北路155巷口,1908,4323,True,6231
石牌國小,4104,2101,True,6205
立功立德路口,688,5506,True,6194
金華杭州南路口,1640,4546,True,6186
培英公園,991,5182,True,6173
忠孝東路四段248巷口,3341,2819,True,6160
長春龍江路口,1204,4939,True,6143
臺大卓越研究大樓,515,5615,True,6130
吳興街284巷36弄口,152,5978,True,6130
福德國小公車站,560,5535,True,6095
德昌寶興街口(西北角),358,5735,True,6093
福林公園(中正路),3218,2865,False,6083
中國醫藥大學附設醫院臺北分院,1699,4380,True,6079
松山永吉路口,2050,3998,True,6048
前港公園(福德宮),290,5752,True,6042
國立政治大學(萬壽路),2037,3996,False,6033
昌隆公園,976,5043,True,6019
基隆光復路口,1138,4879,True,6017
考試院,1156,4858,True,6014
松江路77巷口,3204,2776,True,5980
市民敦化路口,2256,3706,True,5962
麗山國小,819,5107,True,5926
復興公園,640,5286,True,5926
新奇岩社會住宅,339,5575,True,5914
臨江公園,731,5145,True,5876
圓山線形公園,3833,2041,True,5874
泰和里民活動中心,173,5679,True,5852
濟南紹興路口,2225,3624,True,5849
港都公園,521,5327,True,5848
德昌街10巷口,3282,2559,True,5841
承德昌吉街口,2344,3487,True,5831
榮富公園,314,5512,True,5826
陽光舊宗路口,1551,4245,True,5796
華山公園,383,5410,True,5793
中華路一段21巷口,2513,3277,True,5790
臺灣世曦大樓,350,5438,True,5788
忠孝東路六段278巷口,777,5006,True,5783
古亭國中,683,5098,True,5781
臺北科技大學(電機工程系),2873,2903,True,5776
承德鄭州路口(市民高架下),3566,2204,True,5770
捷運南港軟體園區(2號出口),3452,2305,True,5757
中原公園,292,5456,True,5748
臺大共同教室北側,3423,2322,True,5745
雨農橋,303,5438,True,5741
臥龍樂業街口,780,4942,True,5722
金龍公園,1158,4558,True,5716
新生德惠街口,619,5089,True,5708
忠德公園,317,5388,True,5705
鵬程公園,442,5246,True,5688
兩棵樹公園,521,5165,True,5686
仁愛逸仙路口,2725,2948,True,5673
百齡高中,1760,3913,True,5673
新和國小,938,4721,True,5659
民權新生路口,4348,1301,True,5649
南港路二段178巷口,761,4884,True,5645
華江國小,169,5467,False,5636
玉成公園,1133,4497,True,5630
信義松德路口,824,4778,True,5602
臺大教研館北側,1796,3802,True,5598
碧湖公園(內湖路二段103巷),230,5335,True,5565
環河南雙園街口,414,5148,True,5562
瑞陽公園,1134,4414,True,5548
中華南海路口,2615,2923,True,5538
南港軟體園區(新民街),1634,3901,True,5535
大理高中,349,5179,True,5528
德安公園(四維路66巷),1040,4477,True,5517
徐州杭州路口,635,4873,True,5508
八德中坡路口,3967,1500,True,5467
大安區健康服務中心,1244,4217,True,5461
臺大博雅館西側,587,4873,True,5460
北投公園露天溫泉,1345,4110,True,5455
泰北高中,1434,4000,True,5434
承德路七段304巷口,842,4585,True,5427
敦化市民路口,1844,3564,True,5408
松江路132巷口,2942,2463,True,5405
民權迪化街口,1617,3757,True,5374
建國長安路口,718,4650,True,5368
大鵬華城,0,5362,False,5362
仁愛紹興街口(南側),677,4677,True,5354
裕民二路33巷,2487,2853,True,5340
南港車站B棟(市民大道),4217,1117,True,5334
景平公園,939,4375,True,5314
洲子一號公園,950,4360,True,5310
中央北路四段30巷口,422,4888,False,5310
濱江果菜市場,911,4392,True,5303
新生高架停車場(林森北路107巷口),324,4978,True,5302
民權國中(民權西路),3779,1520,True,5299
龍江朱崙街口,1462,3825,True,5287
捷運南港展覽館站(6號出口),4911,331,True,5242
三民公園,948,4293,True,5241
向陽南港路口,914,4319,True,5233
樹德公園,369,4854,True,5223
松基公園,1665,3555,True,5220
南京東路六段368巷,600,4617,True,5217
臺北田徑場(北寧路側),3060,2152,True,5212
東豐公園,1214,3994,True,5208
林安泰古厝,987,4208,True,5195
延平涼州街口,2048,3118,True,5166
泉州寧波西街口,616,4525,True,5141
永昌公園,204,4929,True,5133
景勤二號公園,638,4491,False,5129
新生長春路口(東北側),305,4821,True,5126
稻香重三路口,504,4621,True,5125
捷運忠義站(2號出口),4630,495,True,5125
塔悠八德路口,2864,2255,True,5119
和平東路三段291號,1518,3592,True,5110
天和公園,315,4789,True,5104
羅斯福路二段6巷口,2252,2835,True,5087
南港公園(東新街),655,4422,True,5077
金杭公園,856,4218,True,5074
健康社會住宅,1064,4006,True,5070
景美污水抽水站,2585,2478,True,5063
八德立體停車場,2433,2616,True,5049
玉成公園運動中心,1115,3917,True,5032
紹興徐州路口,561,4462,True,5023
舊莊區民活動中心,552,4468,True,5020
承德路七段188巷口,944,4064,True,5008
黎忠區民活動中心,1408,3586,True,4994
育成高中,303,4691,True,4994
中山北路二段62巷口,2550,2438,True,4988
中山公民會館,2833,2128,False,4961
長春路258巷2弄口,418,4530,True,4948
迪化休閒運動公園,741,4202,True,4943
新興公園,1688,3253,True,4941
臺大土木系館,1487,3451,True,4938
兒童新樂園,920,4016,True,4936
龍城市場,526,4394,True,4920
柳鄉公園,421,4493,True,4914
文山行政中心,2767,2137,True,4904
溫州公園,1817,3068,True,4885
北安大直街口,2365,2520,True,4885
臺北市電影主題公園(康定路),886,3999,True,4885
撫順街41巷(崇德宮前),3453,1412,True,4865
新生長安路口,554,4301,True,4855
莒光大埔街口,739,4105,True,4844
吳興街394巷口,279,4560,True,4839
光復南路58巷,334,4493,False,4827
石牌立農街口,1136,3685,True,4821
南港加壓站,1067,3732,True,4799
忠孝東路五段215巷口,1505,3288,False,4793
三軍總醫院,1616,3174,True,4790
通河東街大南路口,470,4306,True,4776
仁愛金山路口,660,4115,True,4775
臺大資訊大樓,459,4316,True,4775
五常公園,508,4259,True,4767
林森農安街口,1299,3460,True,4759
聯合醫院陽明院區,290,4451,True,4741
致遠一路二段11巷,426,4309,True,4735
承德後港街口,2009,2723,True,4732
臺北流行音樂中心(南港路),634,4089,True,4723
和平實小東北側,453,4257,True,4710
南港展覽館2館,4013,696,True,4709
臺北市立大學(忠誠路二段207巷),164,4535,True,4699
仁愛金山路口(東南側),1274,3407,True,4681
萬和三號公園(北側),1044,3616,True,4660
大龍老人住宅,1081,3578,True,4659
南京一江街口,2819,1819,True,4638
興雅國中,855,3779,True,4634
中研院綜合體育館東側,201,4418,True,4619
臺大萬才館前,846,3762,True,4608
臺北市國父史蹟館(逸仙公園),3119,1480,True,4599
臺灣戲曲中心,1237,3358,True,4595
中原民生路口,952,3620,False,4572
臺北市立景美女中,2752,1777,True,4529
洛陽停車場,492,4032,True,4524
信義路四段199巷,1286,3236,True,4522
一江公園,2525,1988,True,4513
捷運行政大樓,1753,2754,True,4507
臺北市電影主題公園(峨嵋街),882,3625,False,4507
臺大森林館北側,1699,2800,True,4499
國立政治大學,1603,2893,True,4496
興中立體停車場(興中路),1023,3461,True,4484
捷運新北投站(2號出口),1158,3317,True,4475
大興光明路2巷口,3026,1448,True,4474
和信治癌中心醫院,405,4065,True,4470
仁愛國中,1671,2799,True,4470
市民松信路口,852,3615,True,4467
文林路101巷口,2021,2420,True,4441
西松公園,2082,2348,True,4430
辛亥路三段157巷口,2084,2321,True,4405
民權瑞光路口,3682,720,True,4402
捷運萬芳社區站,3603,796,True,4399
螢橋公園,730,3660,True,4390
內湖區農會,690,3699,True,4389
莒光和平路口,611,3773,True,4384
承德路七段280巷口,525,3858,True,4383
八德路三段8巷口,1427,2956,True,4383
弘道國中,1599,2775,True,4374
重慶南海路口西南側,939,3435,False,4374
仙岩公園,145,4194,True,4339
稻江高級護理家事職業學校,332,3998,True,4330
民權光復路口(東北側),3337,988,True,4325
新湖二路250巷口,787,3530,True,4317
內湖運動中心,2065,2222,True,4287
青年公園棒球場,1053,3233,True,4286
文湖街21巷118弄口,79,4203,True,4282
捷運西湖站(1號出口)內湖路側,3730,522,True,4252
寶興長泰街口(西南角),482,3749,True,4231
舊宗新湖三路口,1740,2490,True,4230
建國北路一段17巷,238,3989,True,4227
新光秀明路口,1217,3009,True,4226
萬華青年公宅,595,3628,True,4223
水源路11-1號旁,119,4081,False,4200
市民延吉街口,613,3576,True,4189
興隆路二段203巷(敦南),898,3271,True,4169
龍山國中,1254,2914,True,4168
臺北自來水事業處,2517,1648,True,4165
新生長春路口,268,3893,True,4161
基隆長興路口,1323,2836,True,4159
南港路三段220巷口,461,3693,True,4154
八德路三段74巷口,542,3599,True,4141
重慶涼州街口,2147,1988,True,4135
寧夏涼州街口,1758,2362,True,4120
松山新城,960,3158,True,4118
臺大農化新館西側,2089,2017,True,4106
濟南路二段8巷口,522,3563,True,4085
西松高中,205,3858,True,4063
長沙公園,527,3532,True,4059
八德市場(北側),485,3570,True,4055
承德石牌路口,1520,2535,True,4055
臺北市立圖書館南港分館,2266,1768,True,4034
臺北市立圖書館大直分館,2325,1709,True,4034
介壽公園,711,3301,True,4012
新生公園,664,3344,True,4008
全安公園,915,3069,True,3984
劍潭社區_1,258,3706,True,3964
辛亥生態公園,3142,815,True,3957
景仁公園,1415,2526,True,3941
師大水源路口,251,3689,True,3940
捷運關渡站(2號出口),3182,755,True,3937
南港車站(忠孝東路),3361,563,True,3924
長春吉林路口,633,3285,True,3918
明勝公園,100,3815,True,3915
臺北市第一女子高級中學,1043,2854,True,3897
木柵光輝路口,1166,2730,True,3896
星雲街138巷1弄口,132,3763,True,3895
北投奇岩長青樂活大樓,1747,2146,True,3893
景興路42巷口,806,3049,True,3855
仙跡岩登山口(景興路),2491,1359,True,3850
明美公園,233,3612,True,3845
新生民族路口(西南側),762,3082,True,3844
貿七社區,58,3774,True,3832
莒光郵局,1355,2439,True,3794
興雅國小(基隆路一段37巷),245,3547,True,3792
興得閱覽室,85,3702,True,3787
宏匯瑞光廣場(瑞光路),1311,2468,True,3779
塔悠疏散門,600,3162,True,3762
松仁路305號,584,3166,True,3750
松山家商,369,3371,True,3740
麗山高中,335,3391,True,3726
永春陂濕地公園,273,3451,True,3724
成功路三段83號前,1280,2436,True,3716
臥龍街195巷口,327,3369,True,3696
成德綠地,773,2917,True,3690
臺北市替代役中心,1510,2142,True,3652
康寧星雲街口,403,3243,True,3646
吉林路123巷口,591,3055,True,3646
臥龍公園,1593,2032,True,3625
康湖二號公園(康寧醫院),440,3185,True,3625
民福三號綠地,248,3375,True,3623
東山路110巷口,309,3312,True,3621
成淵高中,2135,1479,True,3614
國興中華路口,557,3047,True,3604
民善新湖二路口(家樂福內湖店),427,3172,True,3599
環山路二段26巷口,166,3402,True,3568
臺大水源修齊會館,707,2841,True,3548
莒光立體停車場,1103,2443,True,3546
廣慈博愛園區(西側),225,3240,True,3465
瑞光計程車服務站,90,3374,True,3464
五分埔公園,1411,2050,True,3461
永安藝文館-表演36房,1244,2204,False,3448
圓山風景區,1199,2241,True,3440
法務部,734,2705,True,3439
至誠公園,1047,2388,True,3435
新明成功路口,2441,992,True,3433
臺大環研大樓,139,3290,True,3429
行善路25巷口,585,2832,True,3417
新新公園(昆陽街60巷),317,3097,True,3414
中研院人文社會科學館,92,3315,True,3407
中坡市民路口(東北側),1564,1842,True,3406
長春一江街口,830,2575,True,3405
臺北流行音樂中心(市民大道),540,2860,True,3400
萬興國小,1051,2347,True,3398
銘傳大學(中山北路五段280巷口),2129,1265,True,3394
捷運淡水站(中正鼻頭街口),0,3393,False,3393
康樂街151巷,700,2693,True,3393
凌雲市場,550,2840,True,3390
福和橋,0,3389,False,3389
中庸公園,122,3251,True,3373
復華公園,800,2552,True,3352
延壽街119巷口,261,3078,True,3339
市民廣場,885,2441,True,3326
仁德公園,370,2956,True,3326
碧山內湖路口,491,2833,True,3324
內湖行政中心,1849,1475,True,3324
大業路300巷口,322,2960,True,3282
臺大二號館,2015,1267,True,3282
立法院臺北會館,1461,1815,True,3276
西康二號公園,307,2963,True,3270
中吉公園,410,2860,True,3270
南港路三段80巷,658,2604,True,3262
內湖路一段360巷,1000,2255,True,3255
古亭智慧圖書館,118,3090,True,3208
木柵公園,1932,1268,True,3200
捷運忠義站(1號出口),2453,746,True,3199
天母北天玉街口,502,2695,True,3197
大同16號廣場,435,2761,True,3196
成德立體停車場,891,2299,True,3190
忠孝東路七段527巷口,340,2847,True,3187
新富公園,2006,1180,True,3186
舊宗行善路口,2369,809,True,3178
長春慶城街口,1410,1762,True,3172
莒光社會住宅,1679,1489,True,3168
臺大綜合體育館停車場前,757,2409,True,3166
南港高中(昆陽街),1648,1503,True,3151
辛亥路四段77巷口,543,2601,True,3144
舊宗新湖二路口,1239,1895,True,3134
星雲街47號,390,2710,True,3100
康寧街141巷口,0,3092,False,3092
樂群二堤頂大道口,287,2781,True,3068
寶藏巖觀音亭,1175,1892,True,3067
忠誠忠義街口(南側),779,2240,True,3019
碧湖公園,1416,1600,True,3016
民榮公園,661,2348,True,3009
忠孝東路六段212巷口,492,2510,True,3002
北平東杭州北路口,939,2047,True,2986
國家音樂廳,1154,1823,True,2977
下灣公園(成功路),2042,932,True,2974
雨聲街165巷口,169,2795,True,2964
景勤二號公園(西南側),697,2267,True,2964
杭州南路一段101巷口,675,2287,True,2962
永福橋,0,2961,False,2961
東新街63巷口,683,2272,True,2955
長寧大廈社區(南側),777,2178,True,2955
民族松江路口,666,2279,True,2945
新生濱江街口(東南側),364,2567,True,2931
仁愛延吉路口(西北側),708,2205,True,2913
青年路152巷口,347,2563,True,2910
社正公園,900,2002,True,2902
青年公園高爾夫球場,625,2274,True,2899
內湖路三段326巷口,70,2828,True,2898
濱江街199巷口,502,2387,True,2889
指南路3段2巷,125,2760,True,2885
樂利路101巷口,1006,1874,True,2880
羅斯福浦城街口,1299,1579,True,2878
螢圃里小公園,533,2342,True,2875
中華路二段409巷口,365,2500,True,2865
長順艋舺大道口,119,2742,True,2861
塔悠基隆路口(麥帥一橋下),964,1889,True,2853
向陽公園,182,2665,True,2847
東湖二號公園,188,2655,True,2843
新湖三民善街口,351,2488,True,2839
捷運中正紀念堂站(6號出口),1986,836,True,2822
至誠路一段305巷口,226,2592,True,2818
福華商場,1043,1757,True,2800
福和路7巷口,0,2799,False,2799
捷運國父紀念館站(5號出口),2194,603,True,2797
懷生國中,1092,1703,True,2795
社子公園,209,2584,True,2793
南港出租國宅社區,174,2609,True,2783
萬華火車站,997,1782,True,2779
六福公園,147,2632,True,2779
忠順區民活動中心,780,1994,True,2774
中央北路四段540巷口,631,2142,True,2773
北平紹興路口,1172,1589,True,2761
永欣綠地,1136,1621,True,2757
松仁松平路口,1302,1447,True,2749
雙蓮國小,843,1866,True,2709
溫州停車場,289,2419,True,2708
洲美蜆仔港公園,64,2615,True,2679
臺大小小福西南側,2040,637,True,2677
渭水八德路口,385,2290,True,2675
景興國中,671,1998,True,2669
植福樂群路口,213,2453,True,2666
移民署訓練中心,1511,1145,True,2656
臺大原分所北側,178,2445,True,2623
捷運復興崗站旅客服務中心,243,2379,True,2622
臺大明達館北側(員工宿舍),718,1904,True,2622
實踐國中(木新路三段310巷口),790,1820,True,2610
內湖路一段47巷,133,2475,True,2608
國立故宮博物院,951,1647,True,2598
捷運南港站(1號出口),2371,224,True,2595
試院公園,139,2454,True,2593
成功路四段41巷口,1511,1080,True,2591
瑞光路76巷口,1151,1434,True,2585
陽光街161巷口,97,2473,True,2570
康寧路三段54巷口,1983,584,True,2567
中山福國路口,1248,1307,True,2555
重慶北葫東街口,1399,1125,True,2524
大直街94巷,258,2265,True,2523
五常街370巷,194,2328,True,2522
長春路137巷口,1149,1358,True,2507
安湖三號公園,422,2084,True,2506
原興廣場,0,2504,False,2504
經國七海文化園區,404,2077,True,2481
市民大道二段5巷口,614,1856,True,2470
臺大四號館東北側,1549,920,True,2469
景福街/羅斯福路6段142巷口,327,2134,True,2461
內湖119號綠地,936,1525,True,2461
秀得里(成功路二段),0,2458,False,2458
市民新生路口,299,2144,True,2443
臺北花市,284,2110,True,2394
合昌宮,41,2351,True,2392
葫蘆國小,184,2204,True,2388
民權東路六段15巷,1065,1321,True,2386
臺灣師範大學(浦城街),604,1776,True,2380
復興忠孝東路口(東南側),1584,794,True,2378
八德路四段652巷口,1345,1027,True,2372
捷運竹圍站,0,2354,False,2354
和興路26巷口,293,2054,True,2347
西園公園,230,2114,True,2344
中和街455巷11弄,56,2281,True,2337
仁愛大安路口(東北側),541,1749,True,2290
德行東山路口,84,2192,True,2276
林森北平路口,1415,858,True,2273
貓公園(中興橋頭),496,1771,True,2267
延平北路五段257巷4弄口,243,2021,True,2264
長順區民活動中心,247,2016,True,2263
內湖路一段288巷口,1741,519,True,2260
木南公園,1134,1118,True,2252
華江污水廠,55,2184,True,2239
南港疏散門(基三號疏散門),160,2071,True,2231
奇岩一號公園,154,2075,True,2229
社子市場,975,1247,True,2222
南京東路六段180號,1386,812,True,2198
中興寶慶街口,0,2197,False,2197
新生錦州街口,637,1555,True,2192
景文中學,964,1226,True,2190
文光公園,544,1646,True,2190
立農國小,667,1511,True,2178
八仙里辦公處,251,1863,True,2114
通河東街2段10巷口,90,2000,True,2090
南湖大橋(經貿二路255巷),720,1367,True,2087
北勢湖環保公園,472,1598,True,2070
中428公園,82,1982,True,2064
洲美公園,213,1849,True,2062
臺灣文學基地,395,1661,True,2056
芝山聖佑宮,240,1813,True,2053
南港抽水站,133,1911,True,2044
西康公園,1145,893,True,2038
文德二號公園(南側),392,1633,True,2025
港華五號公園,111,1910,True,2021
通安區民活動中心,306,1712,True,2018
新生北路一段62巷口,166,1846,True,2012
遠雄時代總部,262,1743,True,2005
南港路三段290巷口,527,1467,True,1994
世紀經貿,1380,612,True,1992
中和街493巷9弄口,94,1897,True,1991
洲美運動公園,131,1851,True,1982
文德一號綠地,1399,576,True,1975
臺北市網球中心,948,1004,True,1952
政大一街口,91,1845,True,1936
客家文化主題公園,660,1258,True,1918
臺大思亮館東南側,91,1822,True,1913
木柵社會住宅,423,1486,True,1909
中華科技大學,307,1597,True,1904
新湖國小,1257,646,True,1903
大佳社區公園,533,1368,True,1901
華固創富中心,147,1752,True,1899
秀山區民活動中心,531,1368,True,1899
新明路343號,706,1193,True,1899
萬大路493巷,813,1085,True,1898
國防醫學院,924,972,True,1896
重慶北路四段117號,366,1530,True,1896
福星公園,490,1398,True,1888
延平北路五段257巷15弄口,361,1521,True,1882
重慶北路四段190巷口,947,920,True,1867
捷運大坪林站(1號出口),0,1852,False,1852
敦化南路一段295巷口,449,1387,True,1836
陽光公園,617,1215,True,1832
市民大道八段532號,328,1503,True,1831
週美里活動廣場,395,1416,False,1811
永和國民運動中心,0,1808,False,1808
康寧路三段189巷93弄口,103,1702,True,1805
社子國小,273,1521,True,1794
中吉公園(松江路188巷),466,1326,True,1792
舊莊派出所,302,1480,True,1782
後港公園,110,1663,True,1773
芳蘭山莊,36,1727,True,1763
光復南菸廠路口,468,1289,True,1757
忠誠忠義街口(北側),247,1500,True,1747
天津北平路口,461,1275,True,1736
矽谷園區,0,1731,False,1731
行善路383巷,103,1613,False,1716
大同行政中心,312,1402,True,1714
葫蘆國小(延平北路五段285巷),144,1567,True,1711
東湖路113巷95弄,198,1496,True,1694
木新路3段95巷口,588,1105,True,1693
新湖三新湖二146巷口,950,735,True,1685
潭美公園(南京東路六段368巷),856,827,True,1683
行善行愛路口,248,1434,True,1682
康樂綠地,166,1510,True,1676
環河南和平西路口,52,1618,True,1670
康寧路一段156巷20弄口,64,1601,True,1665
大港墘公園(洲子街),1229,436,True,1665
凌雲五村(研究院路三段8巷),278,1387,True,1665
立農公園,361,1289,True,1650
雙園國中地下停車場,46,1587,True,1633
中429公園,126,1501,True,1627
下灣公園,63,1563,True,1626
崇仰公園(公?路255巷),15,1604,False,1619
艋舺大道146巷口,764,839,True,1603
黎雙公園,60,1541,True,1601
一壽橋,298,1289,True,1587
艋舺西藏路口,202,1383,True,1585
梅林新村,851,734,True,1585
行善公園,1171,412,True,1583
中和綠地,154,1429,True,1583
華中疏散門,520,1063,True,1583
木柵路二段109巷,275,1303,True,1578
新光基湖大樓,997,580,True,1577
捷運紅樹林站,0,1552,False,1552
南港公園(東新街170巷),144,1407,True,1551
珠海復興一路口,121,1415,True,1536
原住民文化主題公園,283,1246,True,1529
舊莊國小(舊莊街一段),332,1182,True,1514
環山路三段16巷口,102,1398,True,1500
朱崙公園,293,1204,True,1497
工建樟樹一路口,0,1492,False,1492
金湖星雲街口,431,1048,True,1479
興隆路二段275巷1弄口,448,1021,True,1469
玉東公園(東新街),470,992,True,1462
致遠新村,226,1235,True,1461
康寧街307巷,0,1457,False,1457
海光公園南側,42,1414,True,1456
青年公園籃球場,342,1110,True,1452
和平東路三段631巷口,126,1319,True,1445
安康路32巷24弄,162,1267,True,1429
中興公園,271,1154,True,1425
東湖四號公園,153,1263,True,1416
湖興公園,558,851,True,1409
金龍國小,0,1405,False,1405
捷運淡水站(中正東路),0,1402,False,1402
社子島島頭公園,182,1209,True,1391
興隆公共住宅D2區,453,937,True,1390
康寧路三段99巷17弄口,694,696,True,1390
三民公園(塔悠路),186,1203,True,1389
東勢宜興活動中心,0,1376,False,1376
捷運新店站,0,1359,False,1359
實踐國中,248,1106,True,1354
士林區農會社子分部,110,1236,True,1346
南港東新街口,552,784,True,1336
木柵路三段48巷,515,812,True,1327
民權東路六段56巷口,600,725,True,1325
潭美街213號,64,1254,True,1318
市民安東街口,443,871,True,1314
國興水源路口,243,1043,True,1286
康寧公園(北側),526,743,True,1269
胡適公園,429,833,True,1262
永和國父紀念館,0,1246,False,1246
潭美國小(南京舊宗路口),854,377,True,1231
昆陽公園,476,753,True,1229
羅斯福路四段113巷19弄口,51,1176,True,1227
大都會客運內湖站,934,282,True,1216
樟腳里公園,318,881,True,1199
富民路145巷口,310,883,True,1193
內湖垃圾焚化廠,132,1043,True,1175
明美公園(行善路333巷),179,977,True,1156
東湖一號公園,50,1104,True,1154
南港路三段190巷口,64,1083,True,1147
麗湖國小,295,847,True,1142
三民國中(民權東路六段47巷),299,841,True,1140
雍和科學園區,0,1134,False,1134
大龍市場,70,1064,True,1134
恆光橋(老泉街),145,976,True,1121
南港路三段130巷口,85,1032,True,1117
南港車站(忠孝東路七段415巷),831,283,True,1114
美崙公園(東北側),70,1027,True,1097
福安消防分隊,151,945,True,1096
堤頂大道新湖一路口,28,1061,True,1089
福德一路201巷口(福德ONE社區),0,1076,False,1076
康福公園,0,1055,False,1055
社中街384巷口,76,965,True,1041
敦南山林,66,973,True,1039
革新公園,361,661,True,1022
海巡署(南側),552,464,True,1016
行善社會住宅,105,909,True,1014
社子國小_1,331,682,True,1013
石潭公園(安康路),363,645,True,1008
和平東路三段530巷口,533,454,True,987
樂康公園,94,879,True,973
瑞光路358巷口,362,602,True,964
新明路460巷口,335,626,True,961
致伸科技大樓,519,414,True,933
樟樹國小,0,930,False,930
建國民權路口,0,926,False,926
民權東路六段245巷口,183,723,True,906
秀明路一段185巷口,201,701,True,902
經貿公園,109,783,True,892
大業路65巷口,132,749,True,881
辛亥路五段73巷口,143,729,False,872
康寧金湖路口,163,698,True,861
福國承德路口,131,729,True,860
龍米停車場,0,841,False,841
政大水岸電梯,134,707,True,841
天母公園,258,568,True,826
康樂抽水站,283,542,True,825
臺大檔案展示館,107,700,True,807
內湖運動公園,216,585,True,801
內湖機廠(港東街),139,652,True,791
重慶北通河西街口,82,705,True,787
萊茵公園,73,713,True,786
忠山市民活動中心,0,774,False,774
臺北文化體育園區辦公大樓,316,455,True,771
中興寶橋路口,0,769,False,769
民族二街明峰街口,0,748,False,748
瑞湖公園,136,600,True,736
臺灣科學園區,0,734,False,734
秀朗成功路口,0,732,False,732
統振大樓,15,698,True,713
公?承德路口,208,504,False,712
內湖路一段120巷15弄,41,667,True,708
光輝公園,76,630,True,706
和平西路二段190巷口,112,581,True,693
汐科火車站(北),0,690,False,690
民權東路六段413巷,198,485,True,683
捷運大坪林站(5號出口),0,682,False,682
達爾文大樓,282,395,True,677
建國北路高架橋下停車場G區,88,587,True,675
華聲公園,170,503,True,673
市民東寧路口,142,529,True,671
長順街60巷口,53,607,True,660
機場捷運臺北車站(6號出口),337,313,False,650
秀明路一段129巷口,102,545,True,647
永和國中(國中路),0,640,False,640
北勢湖環保公園(堤頂大道側),30,600,True,630
福和國中停車場,0,630,False,630
堤頂大道二段407巷口,41,581,True,622
社子島濕地解說小築,26,558,True,584
安泰街(康樂橋下),26,558,True,584
永吉路468巷口,165,416,True,581
臺北慈濟醫院,0,581,False,581
環南綜合市場,182,395,True,577
臺大公館停車場西北側,173,398,True,571
樟樹一山光路口,0,552,False,552
萬美萬安街口,269,280,True,549
新湖三行忠路72巷口,181,363,True,544
光輝路134巷口,39,498,True,537
內湖路二段179巷口,49,478,True,527
豐年公園,159,367,True,526
環河民樂街59巷26弄口,0,523,False,523
中興福德三路口,0,516,False,516
寶橋路235巷口,0,511,False,511
和平東路三段341巷口,41,468,True,509
安湖公園,20,489,True,509
永平社會住宅,36,466,True,502
碧潭渡船頭,0,482,False,482
成功公園,185,276,True,461
中正橋,0,458,False,458
海德堡科技大樓,43,410,True,453
新店高中(中央路),0,452,False,452
秀朗國小,0,448,False,448
金湖路347巷125弄口,48,399,True,447
太陽科技廣場,90,346,True,436
陽光橋,0,435,False,435
福壽公園,25,408,True,433
樟樹公園,191,231,True,422
潤泰社區,0,418,False,418
加瑪科技中心,57,359,True,416
博嘉運動公園,347,69,True,416
三重派出所,0,398,False,398
坤天亭,129,264,True,393
明道國小東南側,59,324,True,383
仁化文新路口,0,376,False,376
民福簡易綠地,25,348,True,373
內溝溪生態展示館,137,235,True,372
上林里(環河東路一段),0,369,False,369
中興文化路口(東南側),0,354,False,354
朱崙復興北路口,162,180,True,342
新北市立圖書館新店分館,0,340,False,340
中興工建路口,0,339,False,339
龍形停車場,0,339,False,339
五堵火車站,0,333,False,333
小金門友誼公園,0,332,False,332
福和自強街28巷口,0,329,False,329
秀朗路二段24巷16弄24號,0,321,False,321
樟江大橋,0,320,False,320
延平北平路口,200,118,False,318
捷運頂溪站(中興街),0,318,False,318
淡水海關碼頭園區,0,317,False,317
深坑區公所(深坑老街),0,314,False,314
新月橋,0,313,False,313
水興公,0,312,False,312
伯爵山莊第二期(康寧街),0,310,False,310
捷運永安市場站,0,309,False,309
永和耕莘醫院,0,303,False,303
三民高中(民權路),0,297,False,297
捷運七張站(1號出口),0,295,False,295
捷運秀朗橋站,0,285,False,285
劍潭社區,51,232,True,283
永和國小,0,282,False,282
碧潭西岸,0,281,False,281
中國科技大學,170,109,True,279
中正民權路口,0,275,False,275
三民國小(撫遠街),48,213,True,261
泉源公園,160,98,True,258
福和國中,0,253,False,253
光復國小,0,250,False,250
銘傳大學,165,83,True,248
福安國中,95,153,True,248
北新國小,0,244,False,244
信義公園,0,240,False,240
汐止火車站,0,238,False,238
民權東路六段190巷117弄口,30,208,True,238
捷運小碧潭站(1號出口),0,236,False,236
凌雲路一段158巷口,0,233,False,233
捷運新店區公所站(1號出口),0,224,False,224
木新公園,85,138,True,223
中正路666巷口,0,222,False,222
開元市民活動中心,0,217,False,217
新店高中,0,214,False,214
捷運中和站,0,213,False,213
中信停車場(中興街),0,212,False,212
東南科技大學,0,210,False,210
瓦?溝(福真里),0,205,False,205
文化機車立體停車場,0,203,False,203
三重國民運動中心,0,190,False,190
秀山國小,0,185,False,185
民權社區活動中心,0,185,False,185
寶強文化路口,0,184,False,184
振義里公園,0,179,False,179
文林北明德路口(東北側),50,128,True,178
永平高中,0,178,False,178
保平永和路一段口,0,175,False,175
汐科火車站(南),0,174,False,174
三民翠華街口,0,173,False,173
輕軌漁人碼頭站,0,168,False,168
延平北路八段133巷口,33,135,True,168
十三行博物館,0,167,False,167
中山路二段416巷38弄口,0,167,False,167
中和區公所,0,166,False,166
福德二路19巷口,0,166,False,166
捷運江子翠站(3號出口),0,163,False,163
新店行政園區,0,162,False,162
新和活動中心,0,161,False,161
保順環河西路口,0,158,False,158
捷運頂溪站(2號出口),0,156,False,156
中和公園,0,156,False,156
光興國小,0,154,False,154
集成成功路口,0,153,False,153
捷運三重站(1號出口),0,152,False,152
仁愛公園,0,152,False,152
捷運新莊站(2號出口),0,151,False,151
捷運南勢角站(4號出口),0,151,False,151
光明街,0,149,False,149
安和公園,0,148,False,148
江翠國小,0,142,False,142
光復高中,0,139,False,139
環河西路一段95巷口,0,137,False,137
同安公園,0,137,False,137
惠國市場,0,134,False,134
忠誠里(北新路2段97巷),0,134,False,134
崇光女中,0,134,False,134
永和自由街,0,132,False,132
捷運十四張站,0,129,False,129
臺灣科技總部,0,129,False,129
大豐公園停車場,0,128,False,128
捷運三重國小站,0,128,False,128
北新路二段228巷口,0,128,False,128
央北三中央路口(全陽大璽),0,126,False,126
中興中正路口,0,124,False,124
環南市場,37,83,False,120
臺練橋,0,117,False,117
民生長江路口,0,116,False,116
福祥里(中和溝),0,111,False,111
名利橋,0,110,False,110
樟樹國小(樟樹一路145巷口),0,110,False,110
中正國小,0,109,False,109
寶高智慧產業園區,0,108,False,108
捷運景安站,0,108,False,108
中正路284巷,0,108,False,108
自強溪尾街口,0,108,False,108
仙岩路22巷口,11,95,True,106
竹圍公園,0,105,False,105
板橋真武廟,0,104,False,104
捷運新埔站(4號出口),0,101,False,101
捷運三重站(3號出口),0,100,False,100
老泉街籃球場,33,66,True,99
綠湖公園地下停車場,0,99,False,99
中和安和路口,0,99,False,99
秀山公園(北側),0,98,False,98
捷運景平站,0,98,False,98
環河西路三段(日安社區),0,96,False,96
三光國小(金滿意),0,96,False,96
中和青年社會住宅,0,96,False,96
保平路214巷,0,94,False,94
威剛科技總部,1,92,True,93
正義公園,0,91,False,91
保安永平路口,0,91,False,91
光榮國中(秀江街),0,90,False,90
捷運蘆洲站,0,90,False,90
滬尾藝文休閒園區,0,89,False,89
安樂宜安路口,0,88,False,88
環河福德南路口,0,88,False,88
連興龍安路口,0,86,False,86
音樂公園,0,86,False,86
鶯歌火車站(仁愛路),0,86,False,86
中正路465巷,0,86,False,86
衛教公園,0,85,False,85
捷運新埔站(1號出口),0,83,False,83
景新國小,0,83,False,83
國泰綜合醫院,0,82,False,82
北新新生街口,0,81,False,81
板橋國中,0,81,False,81
中興路2段100巷口,0,80,False,80
海山高中,0,80,False,80
捷運景平站(景平路278巷口),0,78,False,78
中和公園(秀安街口),0,77,False,77
捷運菜寮站(3號出口),0,77,False,77
寶中路97巷口,0,76,False,76
新店公有中央市場,0,76,False,76
松柏街15巷口,0,75,False,75
遠雄左岸,0,75,False,75
頂溪國小,0,75,False,75
安康立體停車場,0,73,False,73
五堵車站(長安路),0,72,False,72
捷運橋和站,0,72,False,72
寶中寶橋路口,0,71,False,71
龍門龍濱路口,0,71,False,71
輕軌紅樹林站,0,71,False,71
板橋中山公園,0,70,False,70
景安板南路口,0,69,False,69
中山新興街口,0,69,False,69
中山路二段90巷,0,68,False,68
捷運頂溪站(復興街1巷),0,68,False,68
八里福朋喜來登酒店,0,68,False,68
福安河濱公園,22,45,True,67
民生公園,0,66,False,66
下庄市場,0,66,False,66
仁愛公園(仁愛路),0,66,False,66
寶橋路78巷,0,65,False,65
永和勵行街口,0,65,False,65
仁愛信義路口,0,65,False,65
中和環球購物中心,0,65,False,65
捷運新埔站(5號出口),0,64,False,64
雙十萬板路口,0,64,False,64
夢奇地公園(文化路一段),0,63,False,63
新生南路一段113號,44,18,False,62
縣民漢生東路口(西北側),0,62,False,62
安成安德街口,0,62,False,62
大智公園,0,61,False,61
秀朗路三段10巷12弄,0,60,False,60
輕軌陽光運動公園站,0,60,False,60
捷運新莊站(1號出口),0,59,False,59
五峰國中,0,58,False,58
元氣大鎮社區,0,58,False,58
板橋四維公園,0,58,False,58
寶橋路29巷,0,58,False,58
忠孝活動中心,0,57,False,57
綠湖公園,0,57,False,57
永貞水源街口,0,56,False,56
翔譽雙子星,0,56,False,56
中山路一段17巷口,0,56,False,56
汐止公園,0,56,False,56
蘭庭序大廈,0,56,False,56
捷運江子翠站(6號出口),0,55,False,55
民族路33巷,0,54,False,54
安華公園,0,54,False,54
健華新城社區,0,54,False,54
汐止火車站停車場,0,53,False,53
仁愛路151巷口,0,53,False,53
萬板文聖街口,0,53,False,53
力行路二段91巷口,0,52,False,52
中華自治街口,0,52,False,52
仁愛路306巷18弄口,0,51,False,51
新店新和國小,0,51,False,51
環河西新月一街口(新月天地社區),0,50,False,50
安民街停車場,0,50,False,50
八里中庄市場綜合大樓,0,50,False,50
鶯歌國民運動中心,0,50,False,50
華江一華江六路口(仰真社區),0,50,False,50
八里行政中心,0,50,False,50
龍濱公園,0,50,False,50
中正路399巷口,0,49,False,49
國光公園,0,49,False,49
福和宮,0,49,False,49
五福里(五華街),0,48,False,48
中港國小,0,48,False,48
文山國中,0,48,False,48
六張公園,0,48,False,48
崇德橋東活動中心,0,47,False,47
八里文化公園(棒球場),0,47,False,47
中正淡海路口,0,47,False,47
成泰路4段22巷,0,47,False,47
汐止區公所,0,46,False,46
興華公園,0,46,False,46
民生中山路口,0,46,False,46
永豐公園活動中心,0,46,False,46
時光公園,0,45,False,45
大崁國小,0,45,False,45
汐止國民運動中心,0,45,False,45
自然公園,0,45,False,45
南興公園,0,45,False,45
捷運江子翠站(2號出口),0,44,False,44
雙和橋,0,44,False,44
力行大勇街口,0,44,False,44
南華路56巷,0,44,False,44
深坑雲鄉路,0,43,False,43
汐止區綜合運動場,0,43,False,43
漁人碼頭,0,43,False,43
青山國民中小學,0,42,False,42
四維公園地下停車場,0,42,False,42
大庄一號公園,0,42,False,42
安和市民活動中心,0,42,False,42
江翠國中,0,42,False,42
安光公園,0,42,False,42
柴埕市民活動中心,0,41,False,41
中興檳榔路口,0,41,False,41
浮洲火車站,0,41,False,41
民生路156巷,0,41,False,41
進安公園,0,40,False,40
和平西路二段98巷口,3,37,True,40
永盛公園,0,39,False,39
三德公園,0,39,False,39
重新重安街口,0,39,False,39
捷運府中站(1號出口),0,38,False,38
國光里(國光路),0,38,False,38
國泰街111巷口,0,38,False,38
中興橋(環河南路254巷口),0,38,False,38
捷運三民高中站(2號出口),0,38,False,38
埤墘公園,0,38,False,38
德光莒光路口,0,38,False,38
三重高中,0,38,False,38
捷運頭前庄站(1號出口),0,38,False,38
輕軌新和國小站,0,37,False,37
三民永豐街口,0,37,False,37
中正橋(環河西路一段),0,37,False,37
光明市場,0,37,False,37
捷運江子翠站(1號出口),0,37,False,37
捷運中原站,0,37,False,37
六合公園,0,36,False,36
景本里集會所,0,36,False,36
昌隆國小,0,36,False,36
保安保福路二段口,0,36,False,36
永康公園,0,36,False,36
莊敬公園,0,36,False,36
中山橋安街口,0,35,False,35
央北新村平面停車場,0,35,False,35
景平橋和路口,0,35,False,35
竿蓁市民活動中心,0,35,False,35
安邦公園,0,35,False,35
聯邦公園,0,35,False,35
新北高中,0,35,False,35
蘆洲三民公園,0,35,False,35
板新中山路一段口,0,34,False,34
溪頭公園,0,34,False,34
青潭河濱公園,0,34,False,34
中正路347巷口,0,33,False,33
建成路142巷口,0,33,False,33
文化白雲公園,0,33,False,33
安平橋,0,33,False,33
保福保福路二段133巷口,0,32,False,32
碧河宮,0,32,False,32
東方科學園區,0,32,False,32
捷運徐匯中學站(1號出口),0,32,False,32
三民地下停車場,0,32,False,32
寶橋路235巷,0,32,False,32
三重商工(後竹圍街),0,31,False,31
新北市立圖書館三重分館,0,31,False,31
光華橋(保平路),0,31,False,31
新北市藝文中心,0,31,False,31
民樂人行廣場,0,31,False,31
員勝公園,0,31,False,31
國家人權博物館,0,31,False,31
文化路二段182巷1弄,0,30,False,30
八里國小,0,30,False,30
捷運三和國中站(2號出口),0,30,False,30
捷運海山站(3號出口),0,30,False,30
板橋國民運動中心,0,30,False,30
三峽區公所(三峽老街),0,30,False,30
三抱竹,0,30,False,30
瓦?截流站,0,30,False,30
三重社會福利服務中心,0,30,False,30
山北公園,0,29,False,29
龍門公園,0,29,False,29
捷運亞東醫院站(2號出口),0,29,False,29
五股郵局,0,29,False,29
湳雅觀光夜市(津渡橋),0,29,False,29
國隆大仁街口,0,29,False,29
新北市政府(新站路),0,28,False,28
雙和醫院(圓通路252巷口),0,28,False,28
淡金路38巷尾,0,28,False,28
雙和醫院,0,27,False,27
碧華公園,0,27,False,27
文德國小(公館街),0,27,False,27
捷運輔大站(1號出口),0,27,False,27
捷運府中站(3號出口),0,27,False,27
天山公園(永安街),0,27,False,27
大同建成路口,0,27,False,27
漳和國中,0,27,False,27
五股國民運動中心,0,27,False,27
央北社會住宅,0,26,False,26
太陽公園,0,26,False,26
三和龍門路口,0,26,False,26
安興祥和路口,0,26,False,26
捷運先嗇宮站(2號出口),0,26,False,26
蘆洲中路公園,0,26,False,26
捷運江子翠站(4號出口),0,26,False,26
環河西大漢街口,0,26,False,26
民樂停車場,0,26,False,26
中原東街(左岸牡丹園),0,25,False,25
北港國小,0,25,False,25
縣民漢生東路口,0,25,False,25
成德公園,0,25,False,25
三張公園,0,25,False,25
保長公園,0,25,False,25
重陽橋市民活動中心,0,24,False,24
新海長江路口,0,24,False,24
雙和公園,0,24,False,24
挖仔尾自然生態保留區,0,24,False,24
新北市立圖書館總館,0,24,False,24
華江一華江五路口(雙江翠社區),0,24,False,24
佳和公園,0,23,False,23
捷運三和國中站(1號出口),0,23,False,23
中正東路一段81巷,0,23,False,23
民享藝文特區,0,23,False,23
秀峰高中(忠孝東路),0,23,False,23
覺明寺(豐年街53巷),0,23,False,23
輕軌竿蓁林站,0,23,False,23
仁愛廣場,0,23,False,23
中和地政事務所,0,23,False,23
瑞芳火車站,0,23,False,23
鶯歌陶瓷博物館,0,23,False,23
捷運板新站,0,23,False,23
安和路二段69巷口,5,17,True,22
飛駝二村,0,22,False,22
民有公園,0,22,False,22
板林溪北路口,0,22,False,22
普庵寺,0,22,False,22
埔墘國小,0,21,False,21
三重棒球場,0,21,False,21
永安公園,0,21,False,21
三重綜合體育館,0,21,False,21
新莊田徑場,0,21,False,21
三重五常公園,0,21,False,21
長安橋(吉祥街12巷),0,21,False,21
捷運海山站(1號出口),0,21,False,21
新莊文化藝術中心,0,20,False,20
輕軌沙崙站,0,20,False,20
板橋車站,0,20,False,20
興南路二段34巷口,0,20,False,20
圓通綠廊,0,20,False,20
三重親水公園,0,20,False,20
中正路161巷口,0,20,False,20
捷運板橋站(3號出口),0,20,False,20
捷運丹鳳站(1號出口),0,19,False,19
仁愛路40巷口,0,19,False,19
碧河里公園(建康路),0,19,False,19
中原五街口,0,19,False,19
新莊國民運動中心(和興街),0,19,False,19
鷺江廣場,0,19,False,19
十四張央北二路口(波爾多社區),0,19,False,19
新北市政府(新府路),0,19,False,19
積穗國中,0,19,False,19
蘆洲兒五公園,0,18,False,18
安康高中,0,18,False,18
捷運頂埔站(2號出口),0,18,False,18
捷運新北產業園區站,0,18,False,18
厚德公園,0,18,False,18
捷運板橋站(1號出口),0,18,False,18
板橋福德公園,0,18,False,18
蘆洲重陽大樓,0,18,False,18
石雕公園,0,18,False,18
新北高工,0,18,False,18
修德國小,0,18,False,18
深坑松柏街,0,18,False,18
二重國中,0,18,False,18
青潭國小,0,18,False,18
忠孝國中,0,17,False,17
萬大路424巷口,2,15,True,17
陽光Park社區,0,17,False,17
林本源園邸,0,17,False,17
錦和高中,0,17,False,17
三重行政中心,0,17,False,17
華夏科技大學,0,17,False,17
縣民民族路口,0,17,False,17
捷運輔大站(4號出口),0,17,False,17
輕軌安康站,0,16,False,16
文昌公園,0,16,False,16
永平街23巷,0,16,False,16
捷運新埔站(2號出口),0,16,False,16
三重商工地下停車場,0,16,False,16
華江一華江九路口,0,16,False,16
新莊體育館,0,16,False,16
新泰公園,0,16,False,16
三和慈愛街口,0,16,False,16
仁美街/三和路四段145巷口,0,16,False,16
重陽國小,0,16,False,16
世貿國家公園社區,0,16,False,16
蘆洲國民運動中心,0,15,False,15
三峽國小(中山路),0,15,False,15
文中四公園,0,15,False,15
中正仁愛街口,0,15,False,15
永安兒童公園,0,15,False,15
浮洲合宜住宅(樂群路),0,15,False,15
南雅公園,0,15,False,15
板橋第二運動場(皇翔建設),0,15,False,15
飛駝社區(興南路),0,15,False,15
文中小停車場,0,15,False,15
疏洪東竹圍仔街口,0,15,False,15
新北市藝文中心(文化路二段124巷),0,15,False,15
二重國小,0,15,False,15
員和公園,0,15,False,15
新莊棒球場,0,15,False,15
溪城金門街口,0,15,False,15
新月二綠堤街口,0,14,False,14
民德立體停車場,0,14,False,14
捷運永寧站(2號出口),0,14,False,14
長風社區,0,14,False,14
鷺江國中(長興路298巷),0,14,False,14
文聖國小(松柏街50巷),0,14,False,14
華夏科技大學(華新街),0,14,False,14
崑崙活力廣場,0,14,False,14
芳洲八路,0,13,False,13
中央路一段292巷口,0,13,False,13
板南立言街口,0,13,False,13
西盛公園,0,13,False,13
碧華公園(集勇街),0,13,False,13
三民中山一路口,0,13,False,13
水河里活動中心,0,13,False,13
板橋第一運動場,0,13,False,13
板橋仁愛公園,0,12,False,12
建中街90巷口,0,12,False,12
彩虹兒童公園,0,12,False,12
三重永豐公園,0,12,False,12
明德路65巷口,0,12,False,12
莒光國小,0,12,False,12
碧華國中(三賢街),0,12,False,12
縣民民生路口,0,12,False,12
文化路一段212巷口,0,12,False,12
中山國中,0,12,False,12
文化館前路口,0,12,False,12
民生路二段/文化路一段286巷口,0,12,False,12
蘆洲延平派出所,0,12,False,12
大明街20巷19弄口,0,12,False,12
溪北公園,0,12,False,12
樟新街8巷,3,9,True,12
中印青潭廠,0,11,False,11
臺北得意GO,0,11,False,11
橋東里(忠孝東路),0,11,False,11
中華里(中華路二段),0,11,False,11
捷運泰山站(4號出口),0,11,False,11
三民長榮路口,0,11,False,11
和平公園,0,11,False,11
重陽公園,0,11,False,11
仁愛街112巷,0,11,False,11
聯合醫院板橋院區,0,11,False,11
後竹圍市民活動中心,0,11,False,11
僑中二街92巷口,0,11,False,11
華江橋自行車牽引道,0,11,False,11
八德公園,0,11,False,11
樹林火車站(後站),0,11,False,11
萬板高架橋下停車場,0,10,False,10
建福公園,0,10,False,10
大觀路二段265巷3弄口,0,10,False,10
正德國中,0,10,False,10
中山一和平路口,0,10,False,10
板橋435藝文特區,0,10,False,10
捷運新埔民生站,0,10,False,10
中和自強公園,0,10,False,10
浮洲合宜住宅(合安一路),0,10,False,10
捷運蘆洲站(1號出口),0,10,False,10
華江一華江二路口(江匯Life社區),0,10,False,10
縣民大道三段270巷口,0,10,False,10
福德二街35號,0,10,False,10
後埔國小,0,10,False,10
嘉穗公園,0,9,False,9
新海抽水站停車場,0,9,False,9
安民街35巷口,0,9,False,9
玫瑰公園,0,9,False,9
鴨母港抽水站,0,9,False,9
永翠藝文街口(柏克萊公園社區),0,9,False,9
永福國小,0,9,False,9
八里區民活動中心,0,9,False,9
成州國小,0,9,False,9
育英建國路口,0,9,False,9
民權路3巷12弄口,0,9,False,9
板橋和平公園,0,9,False,9
興穀國小,0,9,False,9
臺灣電力公司中和服務所,0,9,False,9
德光國光街口,0,9,False,9
明志國中,0,9,False,9
新五泰國民運動中心,0,9,False,9
建國中正一路口(北鶯社區),0,8,False,8
豐年國小,0,8,False,8
輕軌濱海沙崙站,0,8,False,8
捷運迴龍站(3號出口),0,8,False,8
吉安停車場,0,8,False,8
府中立體停車場,0,8,False,8
裕生停車場,0,8,False,8
五股工商立體停車場,0,8,False,8
二重埔市民活動中心,0,8,False,8
中興北街175巷口,0,8,False,8
中正一仁愛路口,0,8,False,8
中和國民運動中心,0,8,False,8
蘆洲李宅古蹟,0,8,False,8
懷石公園,0,8,False,8
安溪國小,0,8,False,8
義山新市一路口,0,8,False,8
新泰國中,0,8,False,8
板橋地政事務所,0,8,False,8
林口老街,0,8,False,8
新民民族路口,0,8,False,8
環河西路二段217巷口,0,8,False,8
立德青雲路口,0,8,False,8
新市一路一段99巷口,0,8,False,8
格致中學,0,8,False,8
板橋戶政事務所,0,8,False,8
湳仔溝抽水站,0,8,False,8
明志科技大學,0,8,False,8
水返腳公園,0,8,False,8
新北市立中和高級中學,0,8,False,8
秀峰國小(仁愛路106巷),0,8,False,8
正和中正路口,0,8,False,8
義仁市民活動中心,0,7,False,7
水源路29巷/光華街口,0,7,False,7
建六中正路口,0,7,False,7
日和中華路口,0,7,False,7
民生親子公園,0,7,False,7
廣福派出所,0,7,False,7
板橋信義公園,0,7,False,7
鶯歌陶瓷博物館(文化路),0,7,False,7
十四張歷史公園(南側),0,7,False,7
中興中正路口(泰坤建設),0,7,False,7
啟德橋(招商街),0,7,False,7
華江九華江一路口(匯翠社區),0,7,False,7
蘆洲中原公園,0,7,False,7
大眾廟,0,7,False,7
中正北路193巷(愛買三重店),0,7,False,7
圓通錦和路口,0,7,False,7
榮富國小,0,7,False,7
湳雅夜市停車場,0,7,False,7
學成公園,0,7,False,7
福基公園,0,7,False,7
四川遠東路口,0,7,False,7
中原中板路口,0,7,False,7
長興橋,0,7,False,7
華德公園,0,7,False,7
新莊國民運動中心,0,7,False,7
莒光路136巷口,0,7,False,7
三重商工,0,7,False,7
塭仔底濕地公園,0,7,False,7
捷運幸福站,0,7,False,7
永翠藝文街口(大禾社區),0,7,False,7
沛陂社區公園,0,7,False,7
黃城公園,0,7,False,7
員林社區公園,0,6,False,6
淡江大學(水源街),0,6,False,6
四川忠孝路口,0,6,False,6
安居公教住宅,0,6,False,6
崇德國小,0,6,False,6
福美公園,0,6,False,6
泰山國小,0,6,False,6
南雅育智路口,0,6,False,6
延吉街47巷口,0,6,False,6
新民街一段(臺北灣社區),0,6,False,6
永福國小(永福街72巷),0,6,False,6
西盛廣場,0,6,False,6
華新街109巷11弄,0,6,False,6
光復光榮巷口,0,6,False,6
環河西華江六路口(翠亨村社區),0,6,False,6
土城國中,0,6,False,6
大觀國中,0,6,False,6
安德停車場,0,6,False,6
板橋重慶公園,0,6,False,6
大安文化街口,0,6,False,6
三鶯國民運動中心,0,6,False,6
永安圖書館,0,6,False,6
思賢公園(北側),0,6,False,6
福營行政中心,0,6,False,6
頂溪國小地下停車場,0,6,False,6
成泰路一段(中油),0,6,False,6
五堵橋下籃球場,0,6,False,6
中正路183巷,0,6,False,6
興化公園,0,6,False,6
新民新春街口,0,6,False,6
明志國小,0,6,False,6
佳和公園(中山路二段64巷7弄),0,5,False,5
鄧公路30巷,0,5,False,5
溪尾街196巷/仁美街口,0,5,False,5
金城立德路口,0,5,False,5
三峽區礁溪行政中心,0,5,False,5
捷運泰山貴和站,0,5,False,5
新崑公園,0,5,False,5
溪墘公園,0,5,False,5
中原抽水站,0,5,False,5
青山廣場,0,5,False,5
國泰國小,0,5,False,5
中正新月二街口(富江翠社區),0,5,False,5
仁信段平面停車場,0,5,False,5
重慶國小,0,5,False,5
樹林區公所,0,5,False,5
淡海路182巷口,0,5,False,5
淡蘭吊橋,0,5,False,5
新北市政府板橋分局沙崙派出所,0,5,False,5
藝文二永翠路口(青峰社區),0,5,False,5
金城立體停車場,0,5,False,5
環河公園,0,5,False,5
板橋車站(新站路),0,5,False,5
延吉街291巷口,0,5,False,5
力行新村,0,5,False,5
中誠立體停車場,0,5,False,5
永安南路二段16巷口,0,5,False,5
捷運三民高中站(1號出口),0,5,False,5
中興復興路口,0,5,False,5
御史路1巷,0,5,False,5
浮洲合宜住宅(合宜合安一路口),0,5,False,5
淡水公23公園,0,5,False,5
保平路268巷,0,5,False,5
漢生東路193巷口,0,5,False,5
輔仁大學附設醫院,0,5,False,5
同興公園,0,5,False,5
頂崁公園,0,5,False,5
臺北醫院(民樂街),0,5,False,5
民族路314巷口,0,4,False,4
中華中央路一段242巷口,0,4,False,4
力行地下停車場,0,4,False,4
聖若望平面停車場,0,4,False,4
重慶路89巷,0,4,False,4
永成市民活動中心,0,4,False,4
信義和平路口,0,4,False,4
輕軌玫瑰中國城站,0,4,False,4
輕軌濱海義山站,0,4,False,4
永安南路九芎街71巷口,0,4,False,4
美麗新淡海影城,0,4,False,4
中興街180巷口,0,4,False,4
輕軌淡海新市鎮站,0,4,False,4
圓通路335巷33弄,0,4,False,4
仁愛街70巷口,0,4,False,4
民安東民全街口,0,4,False,4
民德路口,0,4,False,4
訊塘社區公園,0,4,False,4
輕軌新市一路站,0,4,False,4
元富一街/仁義街79巷口,0,4,False,4
浮洲合宜住宅(合安一合宜路口),0,4,False,4
中興北街42巷17弄,0,4,False,4
福祿1號公園,0,4,False,4
淡水國民運動中心,0,4,False,4
淺水灣,0,4,False,4
中港大排願景館,0,4,False,4
元信二仁愛街口,0,4,False,4
國光街圓環小公園,0,4,False,4
五工路68巷口,0,4,False,4
廣福國小,0,4,False,4
思賢國小,0,4,False,4
學勤大觀路口,0,4,False,4
捷運環狀線板橋站(5號出口),0,4,False,4
華江公園,0,4,False,4
柳堤公園,0,4,False,4
神農興德路口(恆美社區),0,4,False,4
新北捷運環狀線南機廠,0,4,False,4
學成大成路口,0,4,False,4
學成大義路口,0,4,False,4
臺電臺北西區營業處,0,4,False,4
山佳火車站,0,4,False,4
馥華公園,0,4,False,4
崑崙公園,0,4,False,4
板橋435藝文特區(環河西路),0,4,False,4
頭前國中,0,4,False,4
頭前國小,0,4,False,4
三多第1市民活動中心,0,4,False,4
延和社區公園,0,4,False,4
板樹體育館,0,4,False,4
板南路492號,0,4,False,4
森林公園,0,4,False,4
華福市民活動中心,0,4,False,4
黃石中繼市場,0,4,False,4
大德學勤路口,0,4,False,4
新府區運路口,0,4,False,4
龍埔公園,0,4,False,4
大同國小,0,4,False,4
龍鳳公園,0,4,False,4
礫間停車場,0,4,False,4
捷運土城站(2號出口),0,4,False,4
三樹大學路口,0,4,False,4
壽德新村,0,4,False,4
新市三義山路口,0,4,False,4
樹林國小,0,4,False,4
中華電信學院,0,3,False,3
片仔溝公園,0,3,False,3
介壽國小,0,3,False,3
臺北海洋科技大學,0,3,False,3
彭福國小,0,3,False,3
潭底溝休憩廣場,0,3,False,3
龍埔國小,0,3,False,3
仁愛街422巷口,0,3,False,3
佳和公園(中山路二段64巷5弄),0,3,False,3
新市一路一段256巷口,0,3,False,3
水碓立體停車場,0,3,False,3
金美國小,0,3,False,3
先嗇宮,0,3,False,3
復興民生街口,0,3,False,3
捷運土城站(1號出口),0,3,False,3
惜福公園,0,3,False,3
中華中原路口,0,3,False,3
鳳福公園,0,3,False,3
濱海路二段202巷,0,3,False,3
新泰路255巷口,0,3,False,3
海山高中(漢生東路),0,3,False,3
彭厝市場,0,3,False,3
頭前運動公園,0,3,False,3
新北市立圖書館五股成功分館,0,3,False,3
樹林大安站,0,3,False,3
藍天大樓,0,3,False,3
土城綜合體育場,0,3,False,3
蘆洲中山立體停車場,0,3,False,3
深澳漁港,0,3,False,3
樹林工業區,0,3,False,3
蘆洲兒四公園,0,3,False,3
樹林藝文綜合行政大樓,0,3,False,3
中山溫泉公園,0,3,False,3
大學學成路口,0,3,False,3
大安中央路口,0,3,False,3
中央路二段180巷,0,3,False,3
大觀路二段19巷,0,3,False,3
中央公園地下停車場,0,3,False,3
雙城公園(安康路),0,3,False,3
楓樹腳公園,0,3,False,3
頂埔國小,0,3,False,3
縣民觀光街口,0,3,False,3
中正路883巷口,0,3,False,3
溪東市民活動中心,0,3,False,3
新北高工(學士路),0,3,False,3
和城停車場,0,3,False,3
茄苳茄福街口,0,3,False,3
頂埔市場,0,3,False,3
西安市民活動中心,0,3,False,3
林建生紀念圖書館,0,3,False,3
學士龍山二街口(金城舞2社區),0,3,False,3
國立臺北大學(三峽校區),0,3,False,3
遠東世紀廣場C棟,0,3,False,3
三峽國中,0,2,False,2
龍埔自行車道(民生街1巷),0,2,False,2
三多國小,0,2,False,2
金城裕民路口(中正國中),0,2,False,2
三俊街65巷口,0,2,False,2
中山二永安南路口,0,2,False,2
龍埔介壽路口,0,2,False,2
金城裕民路口(金城舞社區),0,2,False,2
中央陸橋(中央一街),0,2,False,2
五工五五權路口,0,2,False,2
中正千歲街口,0,2,False,2
中正新雅巷口,0,2,False,2
溪尾街(國道橋下),0,2,False,2
頂新祖田市民活動中心,0,2,False,2
長榮路211巷口,0,2,False,2
溪洲公園停車場,0,2,False,2
長安街251巷,0,2,False,2
香社一藝文街口(歡喜市社區),0,2,False,2
牡丹車站,0,2,False,2
猴硐火車站,0,2,False,2
中華裕華街口,0,2,False,2
三芝兒一公園,0,2,False,2
金山八德街,0,2,False,2
金城路三段52巷,0,2,False,2
三樹大德路口,0,2,False,2
中央中華路口(金城),0,2,False,2
新北市工商展覽中心,0,2,False,2
龜吼停車場,0,2,False,2
萬里區行政中心,0,2,False,2
臺北花園廣場社區,0,2,False,2
公五公園,0,2,False,2
樹林藝文綜合行政大樓停車場,0,2,False,2
輕軌淡金北新站,0,2,False,2
輕軌淡水行政中心站,0,2,False,2
慈愛公園,0,2,False,2
思賢國小(自由街),0,2,False,2
輕軌崁頂站,0,2,False,2
德音國小,0,2,False,2
幸福中環路口,0,2,False,2
臺灣藝術大學,0,2,False,2
學勤大有路口,0,2,False,2
貴和市民活動中心,0,2,False,2
延吉街111巷1弄,0,2,False,2
義學國小,0,2,False,2
臺貿三村停車場,0,2,False,2
四維公園,0,2,False,2
明志貴鳳街口,0,2,False,2
景新立體停車場,0,2,False,2
直潭淨水廠(直潭二街),0,2,False,2
正義國小地下停車場,0,2,False,2
捷運迴龍站(2號出口),0,2,False,2
大豐里(建國路),0,2,False,2
汐止國民運動中心游泳池(忠孝東路),0,2,False,2
新安永安街口,0,2,False,2
捷運新莊副都心站,0,2,False,2
新市二後洲路口,0,2,False,2
捷運泰山站,0,2,False,2
林口郵局,0,2,False,2
光華公園,0,2,False,2
捷運永寧站(4號出口),0,2,False,2
捷運永寧站(3號出口),0,2,False,2
學府大德路口,0,2,False,2
學士學府路口(大苑社區),0,2,False,2
柑園街一段51巷口,0,1,False,1
頭前國小(化成路),0,1,False,1
學府大雅路口,0,1,False,1
東陽市民活動中心,0,1,False,1
延和廣場,0,1,False,1
板橋果菜批發市場,0,1,False,1
廣福公園,0,1,False,1
學成大德路口,0,1,False,1
福壽昌智路口,0,1,False,1
三鶯水資源回收中心,0,1,False,1
崁頂林子福德宮,0,1,False,1
學成大義路口(學成路一),0,1,False,1
臺北大學商學院(法商大道),0,1,False,1
東海高中,0,1,False,1
審計人員訓練大樓,0,1,False,1
昌平公園,0,1,False,1
興德路134號(前),0,1,False,1
新市國小,0,1,False,1
新北市林口行政園區,0,1,False,1
三井Outlet,0,1,False,1
文林國小,0,1,False,1
直潭活動中心,0,1,False,1
白沙灣,0,1,False,1
新北市立圖書館鶯歌分館,0,1,False,1
新北高工(明德路),0,1,False,1
瓊林公園,0,1,False,1
龍安成德街口,0,1,False,1
新市二路二段,0,1,False,1
新樹公園,0,1,False,1
復興化成路口,0,1,False,1
臺北醫院,0,1,False,1
新泰游泳池,0,1,False,1
臺大醫院金山分院,0,1,False,1
新莊勞工中心,0,1,False,1
成功運動公園,0,1,False,1
瑞峰橋,0,1,False,1
鶯歌老街第二停車場,0,1,False,1
鶯歌國中,0,1,False,1
烘爐地山下籃球場,0,1,False,1
明德平面停車場,0,1,False,1
華福公園,0,1,False,1
稚匯公園(華江三路),0,1,False,1
湳仔二橋,0,1,False,1
清水高中,0,1,False,1
新北市勞工活動中心,0,1,False,1
輕軌景文科大站,0,1,False,1
長壽親子公園,0,1,False,1
輕軌淡金鄧公站,0,1,False,1
化成公園,0,1,False,1
中華城林路口,0,1,False,1
中華日新街口,0,1,False,1
永安橋下停車場,0,1,False,1
中華路12巷口,0,1,False,1
中華郵政五城郵局,0,1,False,1
浮洲運動公園,0,1,False,1
永安長安街131巷口,0,1,False,1
八德中華路口,0,1,False,1
光華長榮路口,0,1,False,1
丹鳳派出所,0,1,False,1
光華東帝士,0,1,False,1
永平休閒廣場,0,1,False,1
浮洲合宜住宅(合宜一路),0,1,False,1
金城龍山二街口,0,1,False,1
永平公園,0,1,False,1
金城路三段156號前,0,1,False,1
信義公園市民活動中心,0,1,False,1
保安立體停車場,0,1,False,1
俊興三龍街口,0,1,False,1
永昌里兒一公園,0,1,False,1
金城?廷街口,0,1,False,1
野柳地質公園,0,1,False,1
伊吉邦社區,0,1,False,1
泰山高中,0,1,False,1
南樹林火車站,0,1,False,1
貴子路36巷3弄口,0,1,False,1
中港平面停車場,0,1,False,1
育德國小,0,1,False,1
中園國小(民權街),0,1,False,1
大鵬停車場,0,1,False,1
樹林區衛生所,0,1,False,1
中央昌仁路口,0,1,False,1
清水社區公園,0,1,False,1
清和里(青雲路),0,1,False,1
中央路三段281巷,0,1,False,1
樹林大安活動中心,0,1,False,1
胡璉故居紀念館,0,1,False,1
中山1號科技總部,0,1,False,1
中山三民路口(土城工業區),0,1,False,1
塭仔底濕地公園(中華路),0,1,False,1
中山北新春街口,0,1,False,1
中山環金路口,0,1,False,1
中正雙鳳路口,0,1,False,1
蘆洲鷺江停車場,0,1,False,1
陸光國宅,0,1,False,1
土城國小(興城路),0,1,False,1
土城區公所,0,1,False,1
土城仁愛社區公園,0,1,False,1
中正北路25巷(交響院社區),0,1,False,1
國道車路頭街口,0,1,False,1
國慶學成路口,0,1,False,1
國家電影及視聽文化中心,0,1,False,1
行政院新莊聯合辦公大樓,0,1,False,1
裕民路口(清水路),0,1,False,1
南雅西路二段145巷,0,1,False,1
民義公園,0,1,False,1
中央慶利街口(風華綠中央社區),0,1,False,1
