period,day_type,local_hour,rows,mean_available_bikes,mean_available_return_bikes,observed_empty_percent
week_1,weekday,0,105736,11.801921767420746,15.847790724067488,3.8075962775213736
week_1,weekday,1,105756,12.035042929006392,15.644625364045538,2.4102651386209764
week_1,weekday,2,105756,12.155906047883809,15.536064147660653,1.7965883732365067
week_1,weekday,3,105756,12.254482015204811,15.454933999016605,1.6623170316577784
week_1,weekday,4,105756,12.465921555278188,15.275312984606074,1.0420212564771738
week_1,weekday,5,105756,12.494241461477364,15.286782783009947,0.6543363969892961
week_1,weekday,6,105756,12.325986232459623,15.575135216914406,0.8651991376375808
week_1,weekday,7,105756,11.835129921706569,16.13248420893377,2.3790612352963425
week_1,weekday,8,105756,11.024471424789137,16.986648511668367,5.715987745376149
week_1,weekday,9,105756,10.69002231551874,17.274348500321494,7.949430765157532
week_1,weekday,10,105756,10.410662279208745,17.498751843867016,7.109762093876471
week_1,weekday,11,105749,10.361989238668924,17.528544005144255,5.345677027678749
week_1,weekday,12,105756,10.294470290101744,17.592486478308558,4.25886001739854
week_1,weekday,13,105760,10.685854765506807,17.203309379727685,3.87197428139183
week_1,weekday,14,105768,10.969064367294456,16.94202405264352,3.218364722789502
week_1,weekday,15,105768,11.02830723848423,16.907533469480374,2.9054156266545648
week_1,weekday,16,105768,11.117521367521368,16.873099614250055,2.877051660237501
week_1,weekday,17,105759,10.923543149991962,17.111460963133162,3.3689804177422253
week_1,weekday,18,105732,11.254047970340105,16.77368251806454,2.9281579843377594
week_1,weekday,19,105733,11.489374178354913,16.486697625150143,2.367283629519639
week_1,weekday,20,105744,11.45924118626116,16.484812377061584,2.555227719776063
week_1,weekday,21,105735,11.310247316404219,16.499976355984302,2.9980611907126304
week_1,weekday,22,105732,11.291151212499527,16.38116180531911,4.341164453524004
week_1,weekday,23,105732,11.601133053380245,16.02734271554496,4.024325653539137
week_1,weekend,0,42312,12.652864435621101,15.07399792021176,1.7252788806957835
week_1,weekend,1,42312,12.93930799773114,14.854249385517111,1.1344299489506522
week_1,weekend,2,42312,13.102193231234638,14.741917186613726,0.6759311779164303
week_1,weekend,3,42312,13.210578559273964,14.645986954055587,0.6688409907354887
week_1,weekend,4,42312,13.410640007562867,14.469961240310077,0.5081300813008129
week_1,weekend,5,42312,13.44308943089431,14.457837020230668,0.3568727547740594
week_1,weekend,6,42312,13.359756097560975,14.669550009453584,0.6050293061070146
week_1,weekend,7,42312,13.115995462280205,14.950628663263377,1.0824352429570807
week_1,weekend,8,42312,12.838296464359992,15.238490262809606,1.7961807525051994
week_1,weekend,9,42312,12.74508413688788,15.36171771601437,2.188504443183967
week_1,weekend,10,42312,12.38105029306107,15.736906787672527,2.7037247116657213
week_1,weekend,11,42312,12.034316505955758,16.06834940442428,3.5994516921913404
week_1,weekend,12,42312,12.0582340707128,16.036065418793722,4.069767441860465
week_1,weekend,13,42312,12.163452448477972,15.920211760257137,3.8996029495178672
week_1,weekend,14,42312,12.240593685006617,15.82517961807525,3.424560408394781
week_1,weekend,15,42312,12.720244847797316,15.352500472679145,2.3421251654377007
week_1,weekend,16,42312,12.934250330875402,15.169620911325392,1.8458120627717904
week_1,weekend,17,42312,12.62620533182076,15.482558139534884,1.6851011533371147
week_1,weekend,18,42312,12.462138400453773,15.618382491964455,1.718188693514842
week_1,weekend,19,42312,12.32288712422008,15.718897712232936,1.6874645490640952
week_1,weekend,20,42312,12.189662507090187,15.836074872376631,1.7252788806957835
week_1,weekend,21,42312,12.037034411041784,15.885398941198714,2.6470032142181887
week_1,weekend,22,42312,12.142890905653243,15.627765173000567,3.691624125543581
week_1,weekend,23,42317,12.296003970035683,15.422336176950163,3.3438098163858494
week_2,weekday,0,106054,10.727469025213571,16.751645388198465,4.536368265223377
week_2,weekday,1,106056,10.90598363128913,16.585926303085163,3.362374594553821
week_2,weekday,2,106056,11.018565663423097,16.494172889794072,2.7296899751074903
week_2,weekday,3,106056,11.132298031228785,16.397356113751226,2.4439918533604885
week_2,weekday,4,106056,11.364750697744588,16.189946820547636,1.7311608961303464
week_2,weekday,5,106056,11.44038055366976,16.14974164592291,1.3860601946141662
week_2,weekday,6,106056,11.382599758618088,16.3064795956853,1.6557290488044052
week_2,weekday,7,106056,11.030936486384551,16.710700007543185,3.449121218978653
week_2,weekday,8,106056,11.04413705966659,16.73208493626009,4.829524025043373
week_2,weekday,9,106056,10.965763370294939,16.79987930904428,5.475409217771744
week_2,weekday,10,106062,10.859714129471442,16.902283569987365,4.770794440987347
week_2,weekday,11,106062,10.75002357111878,17.01759348305708,4.118345873168524
week_2,weekday,12,106056,10.431951044731086,17.359640190088257,3.583955646073772
week_2,weekday,13,106073,10.868911032967862,16.93586492321326,2.9885079143608646
week_2,weekday,14,106080,11.11756221719457,16.71448906485671,2.8827300150829562
week_2,weekday,15,106089,11.297325830199172,16.555637247971042,2.3536841708376928
week_2,weekday,16,106092,11.111780341590318,16.777033141047394,2.7146250424160163
week_2,weekday,17,106080,10.772209653092006,17.141515837104073,3.586915535444947
week_2,weekday,18,106044,10.10509788389725,17.78718267888801,4.573573233752028
week_2,weekday,19,106038,10.341405911088478,17.4797619721232,4.025915237933571
week_2,weekday,20,106032,10.329287384940395,17.440008676625926,3.9827599215331224
week_2,weekday,21,106032,10.129574090840501,17.49738758110759,4.6118153010411955
week_2,weekday,22,106032,10.117285347819527,17.389693677380414,6.181152859514109
week_2,weekday,23,104266,10.369075249841751,17.08380488366294,5.958797690522318
week_2,weekend,0,42339,10.395946999220577,17.115921490824064,5.489029027610477
week_2,weekend,1,42336,10.519179894179894,17.01171579743008,4.412320483749054
week_2,weekend,2,42336,10.58916761148904,16.950184240362812,3.8903061224489797
week_2,weekend,3,42336,10.59013605442177,16.949263038548754,3.883219954648526
week_2,weekend,4,42336,10.59013605442177,16.949263038548754,3.883219954648526
week_2,weekend,5,42336,10.59013605442177,16.949263038548754,3.883219954648526
week_2,weekend,6,42336,10.59013605442177,16.949263038548754,3.883219954648526
week_2,weekend,7,42336,10.59013605442177,16.949263038548754,3.883219954648526
week_2,weekend,8,42336,10.59013605442177,16.949263038548754,3.883219954648526
week_2,weekend,9,42344,10.589646703192896,16.948139051577556,3.882486302663896
week_2,weekend,10,42344,10.590213489514452,16.946863782354054,3.882486302663896
week_2,weekend,11,42324,10.594272753047916,16.94329458463283,3.8843209526509783
week_2,weekend,12,42324,10.594272753047916,16.94329458463283,3.8843209526509783
week_2,weekend,13,42324,10.594272753047916,16.94329458463283,3.8843209526509783
week_2,weekend,14,42324,10.594272753047916,16.94329458463283,3.8843209526509783
week_2,weekend,15,42324,10.594272753047916,16.94329458463283,3.8843209526509783
week_2,weekend,16,42324,10.594272753047916,16.94329458463283,3.8843209526509783
week_2,weekend,17,42324,10.594272753047916,16.94329458463283,3.8843209526509783
week_2,weekend,18,42324,10.594272753047916,16.94329458463283,3.8843209526509783
week_2,weekend,19,42324,10.594272753047916,16.94329458463283,3.8843209526509783
week_2,weekend,20,42324,10.594272753047916,16.94329458463283,3.8843209526509783
week_2,weekend,21,42315,10.59454094292804,16.945196738745125,3.8851471109535627
week_2,weekend,22,42336,10.59013605442177,16.949263038548754,3.883219954648526
week_2,weekend,23,42348,10.58713516576934,16.948710682913006,3.9104562198923207
