event_time,station_name,borrow_count,prediction,signed_error,absolute_error,station_demand_tier,peak_period,official_day_type,rain_intensity,temperature_band,precipitation_mm,temperature_c
2023-12-11 08:00:00+08:00,捷運芝山站(2號出口)_1,19.0,60.122402127296326,-41.122402127296326,41.122402127296326,high,morning_peak,regular_workday,dry,middle_temperature_range,0.0,22.1
2023-12-22 08:00:00+08:00,捷運公館站(2號出口),77.0,43.604651974099205,33.395348025900795,33.395348025900795,high,morning_peak,regular_workday,dry,cool_training_quartile,0.0,9.9
2023-12-05 18:00:00+08:00,捷運劍潭站(2號出口),70.0,37.47822449329639,32.52177550670361,32.52177550670361,high,evening_peak,regular_workday,dry,cool_training_quartile,0.0,18.4
2023-12-21 08:00:00+08:00,捷運公館站(3號出口),51.0,20.353945454440797,30.646054545559203,30.646054545559203,high,morning_peak,regular_workday,rain_below_training_median,cool_training_quartile,0.1,12.0
2023-12-25 08:00:00+08:00,捷運中山國中站,49.0,18.359277941742263,30.640722058257737,30.640722058257737,high,morning_peak,regular_workday,dry,cool_training_quartile,0.0,13.4
2023-12-03 08:00:00+08:00,捷運公館站(2號出口),47.0,16.494525812887876,30.505474187112124,30.505474187112124,high,morning_peak,weekend_day_off,dry,cool_training_quartile,0.0,18.8
2023-12-05 08:00:00+08:00,捷運中山國中站,47.0,17.69950489162503,29.30049510837497,29.30049510837497,high,morning_peak,regular_workday,rain_below_training_median,middle_temperature_range,0.1,19.2
2023-12-29 08:00:00+08:00,捷運公館站(2號出口),24.0,53.04481596395348,-29.044815963953482,29.044815963953482,high,morning_peak,regular_workday,dry,middle_temperature_range,0.0,19.2
2023-12-13 19:00:00+08:00,捷運劍潭站(2號出口),6.0,33.521649962369665,-27.521649962369665,27.521649962369665,high,evening_peak,regular_workday,dry,middle_temperature_range,0.0,20.2
2023-12-28 11:00:00+08:00,捷運公館站(2號出口),55.0,27.483888050016933,27.516111949983067,27.516111949983067,high,off_peak,regular_workday,rain_below_training_median,middle_temperature_range,0.1,20.5
2023-12-29 18:00:00+08:00,捷運龍山寺站(1號出口),46.0,20.185447119293233,25.814552880706767,25.814552880706767,high,evening_peak,regular_workday,dry,cool_training_quartile,0.0,18.9
2023-12-01 18:00:00+08:00,捷運芝山站(2號出口)_1,56.0,30.763482396999866,25.236517603000134,25.236517603000134,high,evening_peak,regular_workday,dry,cool_training_quartile,0.0,15.7
2023-12-01 18:00:00+08:00,捷運劍潭站(2號出口),55.0,29.80773006568483,25.19226993431517,25.19226993431517,high,evening_peak,regular_workday,dry,cool_training_quartile,0.0,15.7
2023-12-29 17:00:00+08:00,捷運芝山站(2號出口)_1,50.0,25.110514183561133,24.889485816438867,24.889485816438867,high,evening_peak,regular_workday,dry,middle_temperature_range,0.0,19.2
2023-12-21 08:00:00+08:00,捷運公館站(2號出口),58.0,33.509147029404616,24.490852970595384,24.490852970595384,high,morning_peak,regular_workday,rain_below_training_median,cool_training_quartile,0.1,12.0
2023-12-23 08:00:00+08:00,捷運公館站(3號出口),31.0,7.31781407357694,23.68218592642306,23.68218592642306,high,morning_peak,weekend_day_off,rain_below_training_median,cool_training_quartile,0.1,14.0
2023-12-27 19:00:00+08:00,捷運劍潭站(2號出口),9.0,32.557881719529114,-23.557881719529114,23.557881719529114,high,evening_peak,regular_workday,dry,middle_temperature_range,0.0,19.5
2023-12-11 08:00:00+08:00,捷運科技大樓站,30.0,53.38180384806404,-23.381803848064038,23.381803848064038,high,morning_peak,regular_workday,dry,middle_temperature_range,0.0,22.1
2023-12-11 08:00:00+08:00,捷運芝山站(1號出口),19.0,42.2958143355609,-23.295814335560898,23.295814335560898,high,morning_peak,regular_workday,dry,middle_temperature_range,0.0,22.1
2023-12-29 08:00:00+08:00,捷運公館站(3號出口),6.0,28.73905134919784,-22.73905134919784,22.73905134919784,high,morning_peak,regular_workday,dry,middle_temperature_range,0.0,19.2
2023-12-07 17:00:00+08:00,捷運科技大樓站,44.0,21.634447223884877,22.365552776115123,22.365552776115123,high,evening_peak,regular_workday,dry,cool_training_quartile,0.0,18.4
2023-12-29 18:00:00+08:00,捷運芝山站(2號出口)_1,53.0,30.753957692530477,22.246042307469523,22.246042307469523,high,evening_peak,regular_workday,dry,cool_training_quartile,0.0,18.9
2023-12-15 08:00:00+08:00,捷運公館站(3號出口),5.0,27.123636521371743,-22.123636521371743,22.123636521371743,high,morning_peak,regular_workday,dry,middle_temperature_range,0.0,19.7
2023-12-19 18:00:00+08:00,捷運龍山寺站(1號出口),47.0,24.988417338915873,22.011582661084127,22.011582661084127,high,evening_peak,regular_workday,dry,cool_training_quartile,0.0,16.7
2023-12-07 18:00:00+08:00,捷運劍潭站(2號出口),51.0,29.10650686863488,21.89349313136512,21.89349313136512,high,evening_peak,regular_workday,dry,cool_training_quartile,0.0,17.6
2023-12-07 10:00:00+08:00,捷運公館站(3號出口),27.0,5.817754017378517,21.18224598262148,21.18224598262148,high,off_peak,regular_workday,dry,middle_temperature_range,0.0,21.0
2023-12-13 08:00:00+08:00,捷運中山國中站,45.0,24.022082113656552,20.977917886343448,20.977917886343448,high,morning_peak,regular_workday,dry,middle_temperature_range,0.0,19.6
2023-12-08 18:00:00+08:00,捷運劍潭站(2號出口),71.0,50.263579439216784,20.736420560783216,20.736420560783216,high,evening_peak,regular_workday,dry,middle_temperature_range,0.0,21.3
2023-12-27 08:00:00+08:00,捷運中山國中站,50.0,29.272664108270806,20.727335891729194,20.727335891729194,high,morning_peak,regular_workday,dry,cool_training_quartile,0.0,16.9
2023-12-13 18:00:00+08:00,捷運劍潭站(2號出口),65.0,44.82544168701246,20.174558312987543,20.174558312987543,high,evening_peak,regular_workday,dry,middle_temperature_range,0.0,20.7
2023-12-25 17:00:00+08:00,捷運劍潭站(2號出口),49.0,28.8511183547588,20.1488816452412,20.1488816452412,high,evening_peak,regular_workday,dry,cool_training_quartile,0.0,13.9
2023-12-26 18:00:00+08:00,捷運芝山站(2號出口)_1,24.0,43.73692149894365,-19.73692149894365,19.73692149894365,high,evening_peak,regular_workday,dry,cool_training_quartile,0.0,17.9
2023-12-03 21:00:00+08:00,捷運公館站(2號出口),42.0,22.266020226090546,19.733979773909454,19.733979773909454,high,off_peak,weekend_day_off,rain_at_or_above_training_median,cool_training_quartile,1.6,18.6
2023-12-11 15:00:00+08:00,捷運公館站(2號出口),52.0,32.327207894634,19.672792105366,19.672792105366,high,off_peak,regular_workday,dry,warm_training_quartile,0.0,29.2
2023-12-11 17:00:00+08:00,捷運中山國中站,21.0,40.67274981335831,-19.67274981335831,19.67274981335831,high,evening_peak,regular_workday,dry,middle_temperature_range,0.0,25.2
2023-12-21 09:00:00+08:00,捷運科技大樓站,33.0,13.327443369523731,19.67255663047627,19.67255663047627,high,morning_peak,regular_workday,rain_below_training_median,cool_training_quartile,0.1,12.2
2023-12-26 17:00:00+08:00,捷運劍潭站(2號出口),16.0,35.328922582635094,-19.328922582635094,19.328922582635094,high,evening_peak,regular_workday,dry,cool_training_quartile,0.0,18.9
2023-12-05 12:00:00+08:00,捷運公館站(3號出口),29.0,9.683323826795418,19.316676173204584,19.316676173204584,high,off_peak,regular_workday,dry,middle_temperature_range,0.0,20.3
2023-12-08 12:00:00+08:00,捷運公館站(2號出口),60.0,40.7113468337234,19.288653166276603,19.288653166276603,high,off_peak,regular_workday,dry,middle_temperature_range,0.0,25.8
2023-12-01 17:00:00+08:00,捷運科技大樓站,42.0,22.796228872760697,19.203771127239303,19.203771127239303,high,evening_peak,regular_workday,rain_below_training_median,cool_training_quartile,0.1,15.8
2023-12-18 17:00:00+08:00,捷運芝山站(2號出口)_1,52.0,32.9168301276166,19.0831698723834,19.0831698723834,high,evening_peak,regular_workday,dry,middle_temperature_range,0.0,20.2
2023-12-05 15:00:00+08:00,捷運公館站(2號出口),43.0,23.947637661217325,19.052362338782675,19.052362338782675,high,off_peak,regular_workday,dry,middle_temperature_range,0.0,19.7
2023-12-18 18:00:00+08:00,捷運劍潭站(2號出口),63.0,43.953000924652876,19.046999075347124,19.046999075347124,high,evening_peak,regular_workday,dry,cool_training_quartile,0.0,18.7
2023-12-19 07:00:00+08:00,捷運公館站(2號出口),53.0,33.967357263514735,19.032642736485265,19.032642736485265,high,morning_peak,regular_workday,rain_below_training_median,cool_training_quartile,0.1,17.7
2023-12-07 12:00:00+08:00,捷運公館站(2號出口),51.0,32.071033281487885,18.928966718512115,18.928966718512115,high,off_peak,regular_workday,dry,middle_temperature_range,0.0,21.9
2023-12-01 10:00:00+08:00,捷運公館站(2號出口),8.0,26.88903583959247,-18.88903583959247,18.88903583959247,high,off_peak,regular_workday,rain_at_or_above_training_median,cool_training_quartile,0.4,18.0
2023-12-01 17:00:00+08:00,捷運芝山站(2號出口)_1,44.0,25.12013889270503,18.87986110729497,18.87986110729497,high,evening_peak,regular_workday,rain_below_training_median,cool_training_quartile,0.1,15.8
2023-12-14 19:00:00+08:00,捷運劍潭站(2號出口),12.0,30.851847694088544,-18.851847694088544,18.851847694088544,high,evening_peak,regular_workday,dry,middle_temperature_range,0.0,22.1
2023-12-20 19:00:00+08:00,捷運劍潭站(2號出口),37.0,18.155929049389233,18.844070950610767,18.844070950610767,high,evening_peak,regular_workday,rain_below_training_median,cool_training_quartile,0.1,13.7
2023-12-13 13:00:00+08:00,捷運公館站(2號出口),40.0,21.369228327650028,18.630771672349972,18.630771672349972,high,off_peak,regular_workday,dry,middle_temperature_range,0.0,23.1
2023-12-26 18:00:00+08:00,捷運公館站(2號出口),53.0,34.40426023118038,18.59573976881962,18.59573976881962,high,evening_peak,regular_workday,dry,cool_training_quartile,0.0,17.9
2023-12-14 07:00:00+08:00,捷運公館站(2號出口),51.0,32.41727708950534,18.58272291049466,18.58272291049466,high,morning_peak,regular_workday,dry,cool_training_quartile,0.0,17.6
2023-12-12 07:00:00+08:00,捷運公館站(2號出口),42.0,23.420195994733643,18.579804005266357,18.579804005266357,high,morning_peak,regular_workday,rain_below_training_median,middle_temperature_range,0.1,20.1
2023-12-11 12:00:00+08:00,捷運公館站(2號出口),46.0,27.52190384546081,18.47809615453919,18.47809615453919,high,off_peak,regular_workday,dry,warm_training_quartile,0.0,28.6
2023-12-03 21:00:00+08:00,捷運公館站(3號出口),29.0,10.532415571958754,18.467584428041246,18.467584428041246,high,off_peak,weekend_day_off,rain_at_or_above_training_median,cool_training_quartile,1.6,18.6
2023-12-03 17:00:00+08:00,捷運公館站(2號出口),44.0,25.569585123538772,18.430414876461228,18.430414876461228,high,evening_peak,weekend_day_off,rain_below_training_median,cool_training_quartile,0.1,18.1
2023-12-08 08:00:00+08:00,捷運公館站(3號出口),3.0,21.4276956042325,-18.4276956042325,18.4276956042325,high,morning_peak,regular_workday,dry,cool_training_quartile,0.0,18.4
2023-12-25 11:00:00+08:00,捷運公館站(2號出口),39.0,20.71044161722291,18.28955838277709,18.28955838277709,high,off_peak,regular_workday,dry,cool_training_quartile,0.0,14.9
2023-12-04 18:00:00+08:00,捷運劍潭站(2號出口),6.0,24.224240427038094,-18.224240427038094,18.224240427038094,high,evening_peak,regular_workday,rain_below_training_median,middle_temperature_range,0.1,19.6
2023-12-03 20:00:00+08:00,捷運公館站(2號出口),42.0,23.901702768618744,18.098297231381256,18.098297231381256,high,off_peak,weekend_day_off,rain_at_or_above_training_median,cool_training_quartile,0.2,18.2
2023-12-22 17:00:00+08:00,捷運科技大樓站,51.0,33.20708965037082,17.79291034962918,17.79291034962918,high,evening_peak,regular_workday,dry,cool_training_quartile,0.0,11.0
2023-12-26 09:00:00+08:00,捷運公館站(2號出口),19.0,36.74487639822035,-17.74487639822035,17.74487639822035,high,morning_peak,regular_workday,dry,cool_training_quartile,0.0,18.5
2023-12-14 23:00:00+08:00,捷運公館站(2號出口),28.0,10.382205456277843,17.617794543722155,17.617794543722155,high,off_peak,regular_workday,dry,middle_temperature_range,0.0,20.2
2023-12-18 19:00:00+08:00,捷運古亭站(2號出口),31.0,13.4501011078854,17.549898892114598,17.549898892114598,high,evening_peak,regular_workday,dry,cool_training_quartile,0.0,17.9
2023-12-26 19:00:00+08:00,捷運劍潭站(2號出口),40.0,22.456085289503978,17.543914710496022,17.543914710496022,high,evening_peak,regular_workday,dry,cool_training_quartile,0.0,17.6
2023-12-26 10:00:00+08:00,捷運公館站(2號出口),39.0,21.521773540634364,17.478226459365636,17.478226459365636,high,off_peak,regular_workday,dry,middle_temperature_range,0.0,19.9
2023-12-06 08:00:00+08:00,捷運科技大樓站,12.0,29.328525312623263,-17.328525312623263,17.328525312623263,high,morning_peak,regular_workday,rain_at_or_above_training_median,cool_training_quartile,0.7,19.0
2023-12-19 19:00:00+08:00,捷運圓山站(1號出口),34.0,16.689389981656344,17.310610018343656,17.310610018343656,high,evening_peak,regular_workday,rain_below_training_median,cool_training_quartile,0.1,16.5
2023-12-01 18:00:00+08:00,捷運科技大樓站,49.0,31.801770268993724,17.198229731006276,17.198229731006276,high,evening_peak,regular_workday,dry,cool_training_quartile,0.0,15.7
2023-12-14 08:00:00+08:00,捷運公館站(2號出口),24.0,41.18463764903572,-17.18463764903572,17.18463764903572,high,morning_peak,regular_workday,dry,middle_temperature_range,0.0,20.3
2023-12-22 18:00:00+08:00,捷運公館站(2號出口),51.0,34.02013182672754,16.979868173272457,16.979868173272457,high,evening_peak,regular_workday,dry,cool_training_quartile,0.0,11.3
2023-12-07 17:00:00+08:00,捷運公館站(2號出口),49.0,32.16721531891864,16.832784681081357,16.832784681081357,high,evening_peak,regular_workday,dry,cool_training_quartile,0.0,18.4
2023-12-01 18:00:00+08:00,捷運芝山站(1號出口),36.0,19.22362792356666,16.77637207643334,16.77637207643334,high,evening_peak,regular_workday,dry,cool_training_quartile,0.0,15.7
2023-12-01 08:00:00+08:00,捷運中山國中站,38.0,21.28262218757015,16.71737781242985,16.71737781242985,high,morning_peak,regular_workday,rain_below_training_median,cool_training_quartile,0.1,16.9
2023-12-04 14:00:00+08:00,捷運公館站(2號出口),2.0,18.717017340300718,-16.717017340300718,16.717017340300718,high,off_peak,regular_workday,rain_at_or_above_training_median,middle_temperature_range,0.3,21.7
2023-12-06 18:00:00+08:00,捷運六張犁站,31.0,14.314167793182634,16.685832206817366,16.685832206817366,high,evening_peak,regular_workday,rain_below_training_median,cool_training_quartile,0.1,17.5
2023-12-19 07:00:00+08:00,捷運公館站(3號出口),35.0,18.350462223570524,16.649537776429476,16.649537776429476,high,morning_peak,regular_workday,rain_below_training_median,cool_training_quartile,0.1,17.7
2023-12-23 09:00:00+08:00,捷運公館站(2號出口),40.0,23.46094877683518,16.53905122316482,16.53905122316482,high,morning_peak,weekend_day_off,dry,cool_training_quartile,0.0,15.3
2023-12-15 22:00:00+08:00,捷運公館站(2號出口),42.0,25.493089239961254,16.506910760038746,16.506910760038746,high,off_peak,regular_workday,dry,middle_temperature_range,0.0,20.3
2023-12-29 17:00:00+08:00,捷運石牌站(2號出口),25.0,8.64601442360683,16.35398557639317,16.35398557639317,high,evening_peak,regular_workday,dry,middle_temperature_range,0.0,19.2
2023-12-09 16:00:00+08:00,捷運公館站(2號出口),53.0,36.68720515636256,16.31279484363744,16.31279484363744,high,evening_peak,weekend_day_off,dry,middle_temperature_range,0.0,25.7
2023-12-25 20:00:00+08:00,捷運公館站(2號出口),42.0,25.709120009035026,16.290879990964974,16.290879990964974,high,off_peak,regular_workday,dry,cool_training_quartile,0.0,13.2
2023-12-11 11:00:00+08:00,捷運公館站(2號出口),31.0,14.759831632806595,16.240168367193405,16.240168367193405,high,off_peak,regular_workday,dry,middle_temperature_range,0.0,27.4
2023-12-11 20:00:00+08:00,捷運劍潭站(2號出口),5.0,21.23951846587019,-16.23951846587019,16.23951846587019,high,off_peak,regular_workday,dry,middle_temperature_range,0.0,23.6
2023-12-24 21:00:00+08:00,捷運公館站(2號出口),42.0,25.760551758533474,16.239448241466526,16.239448241466526,high,off_peak,weekend_day_off,dry,cool_training_quartile,0.0,13.6
2023-12-15 13:00:00+08:00,捷運公館站(3號出口),40.0,23.776413953189795,16.223586046810205,16.223586046810205,high,off_peak,regular_workday,dry,middle_temperature_range,0.0,27.0
2023-12-27 19:00:00+08:00,捷運芝山站(2號出口)_1,6.0,22.17808825662849,-16.17808825662849,16.17808825662849,high,evening_peak,regular_workday,dry,middle_temperature_range,0.0,19.5
2023-12-02 21:00:00+08:00,捷運劍南路站(2號出口),22.0,5.862012480130779,16.13798751986922,16.13798751986922,high,off_peak,weekend_day_off,dry,cool_training_quartile,0.0,18.4
2023-12-26 18:00:00+08:00,捷運圓山站(1號出口),44.0,27.87598522429249,16.12401477570751,16.12401477570751,high,evening_peak,regular_workday,dry,cool_training_quartile,0.0,17.9
2023-12-01 22:00:00+08:00,捷運公館站(3號出口),27.0,10.879103600379347,16.120896399620655,16.120896399620655,high,off_peak,regular_workday,dry,cool_training_quartile,0.0,15.8
2023-12-07 18:00:00+08:00,捷運象山站(3號出口),35.0,18.938674703209394,16.061325296790606,16.061325296790606,high,evening_peak,regular_workday,dry,cool_training_quartile,0.0,17.6
2023-12-11 18:00:00+08:00,捷運龍山寺站(1號出口)_1,28.0,11.945691691812355,16.054308308187643,16.054308308187643,medium,evening_peak,regular_workday,dry,middle_temperature_range,0.0,24.4
2023-12-07 11:00:00+08:00,捷運公館站(2號出口),34.0,17.962801724748505,16.037198275251495,16.037198275251495,high,off_peak,regular_workday,dry,middle_temperature_range,0.0,21.7
2023-12-11 09:00:00+08:00,捷運公館站(2號出口),41.0,24.966662494349432,16.033337505650568,16.033337505650568,high,morning_peak,regular_workday,dry,middle_temperature_range,0.0,24.2
2023-12-15 18:00:00+08:00,捷運象山站(2號出口),9.0,25.03097608620117,-16.03097608620117,16.03097608620117,high,evening_peak,regular_workday,dry,middle_temperature_range,0.0,25.3
2023-12-02 08:00:00+08:00,捷運公館站(3號出口),25.0,9.023616686400937,15.976383313599063,15.976383313599063,high,morning_peak,weekend_day_off,rain_at_or_above_training_median,cool_training_quartile,1.0,16.0
2023-12-04 17:00:00+08:00,捷運公館站(2號出口),15.0,30.9664560258281,-15.966456025828101,15.966456025828101,high,evening_peak,regular_workday,rain_at_or_above_training_median,middle_temperature_range,0.3,19.9
2023-12-05 07:00:00+08:00,捷運芝山站(2號出口)_1,25.0,9.101915773439467,15.898084226560533,15.898084226560533,high,morning_peak,regular_workday,rain_below_training_median,cool_training_quartile,0.1,18.9
2023-12-23 17:00:00+08:00,捷運公館站(2號出口),13.0,28.892574485510984,-15.892574485510984,15.892574485510984,high,evening_peak,weekend_day_off,rain_below_training_median,cool_training_quartile,0.1,15.6
2023-12-08 10:00:00+08:00,捷運公館站(2號出口),36.0,20.109423053391343,15.890576946608657,15.890576946608657,high,off_peak,regular_workday,dry,middle_temperature_range,0.0,23.7
