split,feature,rows,non_null_rows,coverage_percent
train,available_bikes,9312719,9312719,100.0
train,available_return_bikes,9312719,9312719,100.0
train,capacity,9312719,9312719,100.0
train,availability_fraction,9312719,9312719,100.0
train,return_space_fraction,9312719,9312719,100.0
train,latitude,9312719,9312719,100.0
train,longitude,9312719,9312719,100.0
train,hour_sin,9312719,9312719,100.0
train,hour_cos,9312719,9312719,100.0
train,day_of_week_sin,9312719,9312719,100.0
train,day_of_week_cos,9312719,9312719,100.0
train,is_weekend,9312719,9312719,100.0
train,is_rush_hour,9312719,9312719,100.0
train,available_bikes_lag_15m,9312719,9136769,98.1106484583074
train,available_bikes_delta_15m,9312719,9136769,98.1106484583074
train,available_bikes_lag_30m,9312719,9126122,97.99632094557991
train,available_bikes_delta_30m,9312719,9126122,97.99632094557991
train,available_bikes_lag_60m,9312719,9104829,97.76767665812744
train,available_bikes_delta_60m,9312719,9104829,97.76767665812744
train,available_bikes_mean_past_30m,9312719,9149256,98.2447338956539
train,observations_past_30m,9312719,9312719,100.0
train,available_bikes_mean_past_60m,9312719,9149346,98.24570031587982
train,observations_past_60m,9312719,9312719,100.0
validation,available_bikes,2588400,2588400,100.0
validation,available_return_bikes,2588400,2588400,100.0
validation,capacity,2588400,2588400,100.0
validation,availability_fraction,2588400,2588400,100.0
validation,return_space_fraction,2588400,2588400,100.0
validation,latitude,2588400,2588400,100.0
validation,longitude,2588400,2588400,100.0
validation,hour_sin,2588400,2588400,100.0
validation,hour_cos,2588400,2588400,100.0
validation,day_of_week_sin,2588400,2588400,100.0
validation,day_of_week_cos,2588400,2588400,100.0
validation,is_weekend,2588400,2588400,100.0
validation,is_rush_hour,2588400,2588400,100.0
validation,available_bikes_lag_15m,2588400,2535309,97.94888734353269
validation,available_bikes_delta_15m,2588400,2535309,97.94888734353269
validation,available_bikes_lag_30m,2588400,2529993,97.74350950394066
validation,available_bikes_delta_30m,2588400,2529993,97.74350950394066
validation,available_bikes_lag_60m,2588400,2519361,97.33275382475661
validation,available_bikes_delta_60m,2588400,2519361,97.33275382475661
validation,available_bikes_mean_past_30m,2588400,2545948,98.35991346005254
validation,observations_past_30m,2588400,2588400,100.0
validation,available_bikes_mean_past_60m,2588400,2545960,98.36037706691393
validation,observations_past_60m,2588400,2588400,100.0
test,available_bikes,2589030,2589030,100.0
test,available_return_bikes,2589030,2589030,100.0
test,capacity,2589030,2589030,100.0
test,availability_fraction,2589030,2589030,100.0
test,return_space_fraction,2589030,2589030,100.0
test,latitude,2589030,2589030,100.0
test,longitude,2589030,2589030,100.0
test,hour_sin,2589030,2589030,100.0
test,hour_cos,2589030,2589030,100.0
test,day_of_week_sin,2589030,2589030,100.0
test,day_of_week_cos,2589030,2589030,100.0
test,is_weekend,2589030,2589030,100.0
test,is_rush_hour,2589030,2589030,100.0
test,available_bikes_lag_15m,2589030,2539989,98.10581569159106
test,available_bikes_delta_15m,2589030,2539989,98.10581569159106
test,available_bikes_lag_30m,2589030,2539963,98.10481145448296
test,available_bikes_delta_30m,2589030,2539963,98.10481145448296
test,available_bikes_lag_60m,2589030,2539909,98.10272573125843
test,available_bikes_delta_60m,2589030,2539909,98.10272573125843
test,available_bikes_mean_past_30m,2589030,2543566,98.24397554296397
test,observations_past_30m,2589030,2589030,100.0
test,available_bikes_mean_past_60m,2589030,2543590,98.24490253106376
test,observations_past_60m,2589030,2589030,100.0
