station_name,rows,average_actual,average_prediction,mae,rmse,bias_actual_minus_prediction,p90_absolute_error,underprediction_rate,overprediction_rate,training_average_demand,station_demand_tier
捷運公館站(2號出口),744,20.987903225806452,20.2236497583545,5.294064922342477,7.5257868600249385,0.764253467451953,13.198085040589772,0.42876344086021506,0.571236559139785,22.664283392915177,high
捷運公館站(3號出口),744,11.005376344086022,10.70032072839756,3.5717658207356573,5.345670913896896,0.3050556156884594,8.644624343329781,0.40725806451612906,0.592741935483871,12.741854636591478,high
捷運芝山站(2號出口)_1,744,11.327956989247312,11.514196373759473,3.205612053897768,5.03912115550242,-0.1862393845121612,7.924075124224733,0.37231182795698925,0.6276881720430108,16.220394736842106,high
捷運劍潭站(2號出口),742,9.74932614555256,9.890177780168445,3.205351540344286,5.191322824688231,-0.14085163461588382,7.859277854986051,0.34097035040431267,0.6590296495956873,14.43530701754386,high
捷運科技大樓站,744,11.994623655913978,11.680569788559776,3.063462178644142,4.586274622965611,0.3140538673542039,7.143255320120904,0.3978494623655914,0.6021505376344086,14.8125,high
捷運龍山寺站(1號出口),744,9.754032258064516,9.690116067258757,2.85614731057761,4.201076656865082,0.06391619080575946,6.846450614504337,0.3736559139784946,0.6263440860215054,11.412750626566416,high
捷運中山國中站,744,9.239247311827956,9.265572519453242,2.7440844804050117,4.397975246675045,-0.02632520762528535,6.825401305502417,0.3172043010752688,0.6827956989247311,12.545739348370928,high
捷運臺北101/世貿站(2號出口),737,7.436906377204885,7.273274491130191,2.633402820123123,3.8402683598757177,0.16363188607469262,6.175839155927272,0.38263229308005425,0.6173677069199457,8.922112521548346,high
捷運圓山站(1號出口),743,7.664872139973082,7.654114943830979,2.407550463895754,3.5688917191267877,0.010757196142103997,5.905010803142417,0.35935397039030953,0.6406460296096904,9.711779448621554,high
捷運芝山站(1號出口),744,6.782258064516129,7.013170372385086,2.3728155469312235,3.4999538392269702,-0.23091230786895622,5.55631823252637,0.32123655913978494,0.678763440860215,10.547462406015038,high
捷運北投站(1號出口),744,6.170698924731183,6.235549328801707,2.1968506766295794,3.14300509922727,-0.06485040407052464,5.123388714843931,0.3763440860215054,0.6236559139784946,8.304981203007518,high
捷運東門站(5號出口),744,6.576612903225806,6.521256080069991,2.1914042689029776,3.2199108875447093,0.05535682315581655,5.284862006759848,0.3588709677419355,0.6411290322580645,7.984492481203008,high
捷運永春站(2號出口),744,6.53494623655914,6.650025091202176,2.1715993906831894,3.128030532693297,-0.11507885464303631,4.974645649057544,0.364247311827957,0.635752688172043,8.727443609022556,high
捷運六張犁站,743,8.029609690444145,8.035064860700789,2.1684189951452906,3.250026853914086,-0.00545517025664453,5.3181350148785524,0.38088829071332436,0.6191117092866757,10.244047619047619,high
捷運象山站(3號出口),736,6.536684782608695,6.455214988188105,2.0807792620758696,3.077681491828934,0.08146979442059067,5.100957968890397,0.39402173913043476,0.6059782608695652,7.726845322049836,high
捷運行天宮站(3號出口),744,7.331989247311828,7.385657968795671,2.0806712831690657,3.0692366110428355,-0.053668721483843565,5.270064764810493,0.3844086021505376,0.6155913978494624,10.023652882205514,high
捷運南京三民站(1號出口),743,6.888290713324361,6.78586765950018,2.0642104070114153,3.0264128778008446,0.10242305382418082,4.996214574620092,0.36473755047106327,0.6352624495289367,8.50454260651629,high
捷運圓山站(2號出口),744,5.993279569892473,6.196269571737518,2.0629342239679738,3.024448027503778,-0.20299000184504354,5.118866092943402,0.3293010752688172,0.6706989247311828,8.265664160401002,high
捷運劍南路站(2號出口),744,6.190860215053763,6.295311954082921,2.030454247803605,3.05076644580721,-0.10445173902915761,5.019929036721709,0.34139784946236557,0.6586021505376344,9.136591478696742,high
捷運象山站(2號出口),737,5.57123473541384,5.719196837288424,1.971397716794974,3.1015318080113503,-0.14796210187458364,4.863898584246278,0.3677069199457259,0.6322930800542741,7.868986052342893,high
捷運南港展覽館站(5號出口),744,4.03494623655914,4.388612864079808,1.8918363614007,2.642817493956122,-0.3536666275206686,4.532374192533602,0.33602150537634407,0.6639784946236559,7.043076441102757,high
捷運北門站(3號出口),743,6.014804845222073,6.008137173168837,1.8648348207931755,2.756687198525855,0.006667672053235718,4.61864145740796,0.35800807537012114,0.6419919246298789,7.31312656641604,high
捷運大安森林公園站(5號出口),744,5.399193548387097,5.425413868435222,1.838565794103875,2.679160485913208,-0.02622032004812457,4.618224585806729,0.3467741935483871,0.6532258064516129,6.557800751879699,high
捷運松江南京站(7號出口),744,4.836021505376344,4.903238021113458,1.8159335339918863,2.7706022892199784,-0.06721651573711297,4.352860810084993,0.34408602150537637,0.6559139784946236,6.789160401002507,high
捷運後山埤站(2號出口),744,4.612903225806452,4.692736357972064,1.8111028467512507,2.714261724772009,-0.07983313216561123,4.441848877219784,0.34139784946236557,0.6586021505376344,5.883302005012531,high
捷運古亭站(5號出口),744,4.775537634408602,4.654120424421244,1.798392168532909,2.622315630997623,0.12141720998735868,4.263288675943761,0.38844086021505375,0.6115591397849462,5.391604010025063,medium
捷運古亭站(2號出口),744,5.356182795698925,5.330317541555192,1.7966899258153675,2.6851396892351858,0.025865254143731867,4.602379489621146,0.38844086021505375,0.6115591397849462,6.537124060150376,high
捷運大安站(4號出口),743,5.271870794078062,5.231809891413288,1.7773798816571902,2.6207583707644533,0.04006090266477418,4.273640151396124,0.38088829071332436,0.6191117092866757,6.550908521303258,high
捷運劍潭站(1號出口),744,4.133064516129032,4.160799286634981,1.7391010907926094,2.5494378172507104,-0.027734770505949257,4.070311012291393,0.34543010752688175,0.6545698924731183,4.890977443609023,medium
捷運國父紀念館站(2號出口),737,4.312075983717775,4.486418168039769,1.7186432537936769,2.442850601856269,-0.17434218432199491,4.2115448325095866,0.3582089552238806,0.6417910447761194,5.898918664786084,high
捷運石牌站(2號出口),743,4.843876177658142,5.059851256361361,1.6827888852474076,2.3941615880999207,-0.21597507870321797,4.030498080515799,0.34320323014804843,0.6567967698519516,7.518327067669173,high
捷運士林站(1號出口),744,3.877688172043011,4.0458445255198825,1.6789400356124078,2.4320017087368044,-0.16815635347687163,3.90741004015661,0.353494623655914,0.646505376344086,5.1610275689223055,medium
捷運市政府站(3號出口),744,3.7594086021505375,4.106245650577088,1.6750631960502949,2.421571000709956,-0.34683704842655044,4.236622322842863,0.32661290322580644,0.6733870967741935,5.619652092148566,high
捷運士林站(2號出口),744,4.862903225806452,4.911605003610804,1.6560396961617316,2.482041193380857,-0.0487017778043524,4.239446359153805,0.3629032258064516,0.6370967741935484,6.24577067669173,high
捷運大橋頭站(2號出口),744,4.407258064516129,4.643493533429416,1.6035294906637345,2.4103767925843367,-0.23623546891328726,4.05335486626175,0.31989247311827956,0.6801075268817204,5.5394736842105265,high
捷運信義安和站(4號出口),739,4.368064952638701,4.379331073518461,1.5984316690448797,2.3222358883201046,-0.011266120879759749,3.9090382701710804,0.36265223274695535,0.6373477672530447,5.728412474533772,high
捷運龍山寺站(1號出口)_1,742,3.142857142857143,3.1187428782852007,1.5706755024829797,2.5427771974123035,0.024114264571942393,3.8527819151027316,0.3638814016172507,0.6361185983827493,3.161810776942356,medium
捷運忠孝復興站(2號出口),744,4.434139784946237,4.589039632877545,1.5564859012195644,2.2538290519190842,-0.1548998479313077,3.951085839747383,0.35080645161290325,0.6491935483870968,5.886103712987623,high
捷運奇岩站(三合街),743,3.534320323014805,3.6888764694121803,1.5157006179377253,2.21044543024718,-0.15455614639737597,3.5967452769365984,0.3243606998654105,0.6756393001345895,5.454104010025063,medium
捷運中山國小站(4號出口),744,3.6666666666666665,3.6464414512763423,1.4950724956758747,2.2109444757808254,0.02022521539032423,3.4417986870639554,0.3588709677419355,0.6411290322580645,4.28419238602538,medium
捷運古亭站(6號出口),744,2.46505376344086,2.5639804045392416,1.4701747915039518,2.2302116953408238,-0.09892664109838147,3.4643102732836035,0.3387096774193548,0.6612903225806451,3.1384928716904277,medium
捷運大安森林公園站(2號出口),744,3.396505376344086,3.541459016616814,1.4500933083257868,2.072038376686797,-0.14495364027272767,3.6867384310008937,0.3279569892473118,0.6720430107526881,4.596334586466165,medium
捷運善導寺站(3號出口)(忠孝東路側),743,3.281292059219381,3.3177673026923045,1.4432199470370781,2.0639679101289223,-0.03647524347292375,3.514070120143362,0.38896366083445494,0.6110363391655451,3.668233082706767,medium
臺大大一女舍北側,744,2.9260752688172045,3.133655899000168,1.4430647304155644,2.139197613298906,-0.20758063018296358,3.498740090482756,0.30510752688172044,0.6948924731182796,4.388627819548872,medium
捷運關渡站(1號出口),743,3.1184387617765816,3.35611527930487,1.4426904814052521,2.067756449514179,-0.23767651752828806,3.610306960283103,0.3122476446837147,0.6877523553162853,4.9926378446115285,medium
捷運西門站(3號出口),744,3.6196236559139785,3.654247919817189,1.4399651165661447,2.1186890883657536,-0.03462426390321033,3.5120623213129947,0.37768817204301075,0.6223118279569892,4.81359649122807,medium
捷運中山站(2號出口),743,3.1063257065948857,3.3212678312445862,1.4231063066195204,2.095588286382836,-0.21494212464970072,3.610662043606412,0.3189771197846568,0.6810228802153432,5.1911027568922306,medium
信義廣場(臺北101),737,3.0081411126187247,3.0754983540293455,1.4196904731857682,2.221346840629388,-0.06735724141062092,3.5684003722829316,0.33242876526458615,0.6675712347354138,3.383228840125392,medium
捷運大安站(3號出口),744,2.838709677419355,2.9674215101443138,1.4022246894432822,2.100861957782815,-0.12871183272495854,3.5183818169660532,0.3131720430107527,0.6868279569892473,3.968515037593985,medium
西本願寺廣場,743,3.0807537012113055,3.1640260332136902,1.3844365295363,2.0977114034222217,-0.08327233200238456,3.37252646968605,0.3297442799461642,0.6702557200538358,3.7222744360902253,medium
捷運昆陽站(1號出口),744,2.9583333333333335,3.1798689042293837,1.3628189051421742,2.0134235779712197,-0.22153557089604986,3.285318320210424,0.32661290322580644,0.6733870967741935,4.487468671679198,medium
捷運雙連站(2號出口),744,3.25,3.320592075324347,1.3574429588547603,2.025578579786329,-0.07059207532434698,3.2965551113258464,0.33736559139784944,0.6626344086021505,3.7957073476421743,medium
捷運港墘站(2號出口),743,2.5302826379542394,2.6989467467666275,1.3573489812591701,2.0052515652563807,-0.16866410881238778,3.1652836118068586,0.32705248990578734,0.6729475100942126,4.068452380952381,medium
捷運南京復興站(5號出口),744,3.006720430107527,3.2432909416738767,1.347525215328513,2.0024673847239294,-0.23657051156634992,3.210118865076877,0.33064516129032256,0.6693548387096774,4.5985275689223055,medium
捷運松山站(3號出口),743,2.8438761776581427,3.023056505046415,1.337844831560704,1.9616347382413177,-0.17918032738827264,3.093537012217005,0.31763122476446837,0.6823687752355316,3.6466165413533833,medium
捷運中山站(5號出口),744,3.2311827956989245,3.3330791130379627,1.328919072428012,1.9099696320074575,-0.10189631733903737,3.2710210011978402,0.3467741935483871,0.6532258064516129,3.974302726418051,medium
捷運忠孝新生站(4號出口),744,2.849462365591398,2.7368030599199282,1.3210208199696112,1.9515029894229479,0.11265930567146948,3.1968467851154894,0.4112903225806452,0.5887096774193549,3.1329887218045114,low
捷運臺北101/世貿站(3號出口),737,2.675712347354138,2.5430377087875087,1.3051317845351094,1.9748976480792304,0.13267463856662964,3.0692758146604433,0.35956580732700133,0.6404341926729986,2.7613226766964427,low
捷運內湖站(1號出口),743,2.915208613728129,2.989206768971398,1.2993713553074409,1.9761750979595987,-0.07399815524326911,3.157955864730926,0.33378196500672946,0.6662180349932705,3.5732414225285916,medium
捷運明德站(3號出口),743,2.674293405114401,2.8403701357670954,1.2748743462343868,1.802543546166126,-0.1660767306526942,2.835377841393367,0.32166890982503366,0.6783310901749664,4.109335839598997,medium
捷運文德站(2號出口),744,2.9233870967741935,2.9517256344428953,1.2735910677839697,1.9687561284683068,-0.0283385376687023,3.0817056247206365,0.3467741935483871,0.6532258064516129,4.006735588972431,medium
捷運臺電大樓站(2號出口),743,2.6567967698519515,2.743453751757109,1.2565747093955069,1.8548711812960643,-0.08665698190515768,3.0233288842085564,0.3364737550471063,0.6635262449528937,3.287593984962406,medium
南京遼寧街口,744,2.7231182795698925,2.8023404109172083,1.246534739832194,1.9236268795333957,-0.07922213134731561,2.9219166225552797,0.34274193548387094,0.657258064516129,3.8966165413533833,medium
興雅松仁路口,737,2.587516960651289,2.591100073783153,1.2259958602308498,1.9131729171829899,-0.0035831131318642072,2.946968967447319,0.3175033921302578,0.6824966078697422,3.499529633113829,medium
捷運大安站(5號出口),743,2.430686406460296,2.2922520510572046,1.2203206610794457,1.8118652790119765,0.13843435540309104,2.7859084241966428,0.3714670255720054,0.6285329744279946,2.3400689223057642,low
復興南路二段273號前,743,1.9448183041722746,2.098992342240703,1.2031620194146484,1.79367295163336,-0.15417403806842817,2.9052433959723465,0.3028263795423957,0.6971736204576043,2.526315789473684,low
捷運公館站(1號出口),743,2.391655450874832,2.596680857154442,1.1878941942842351,1.6607693426164836,-0.2050254062796103,2.838452996384157,0.3162853297442799,0.6837146702557201,3.2161654135338344,medium
捷運信義安和站(1號出口),738,2.475609756097561,2.615338250930112,1.1831235544128318,1.7084945235161964,-0.13972849483255165,2.7886932165762,0.3238482384823848,0.6761517615176151,3.4031676336835504,medium
捷運松山站(4號出口),744,2.485215053763441,2.585265594031755,1.1752371253187597,1.749762538263542,-0.10005054026831443,2.7578058306616167,0.31048387096774194,0.6895161290322581,3.1661967418546366,medium
捷運景美站(2號出口),744,2.138440860215054,2.336471718657244,1.1702108938210656,1.6889570694470435,-0.19803085844219,2.713243012020426,0.3077956989247312,0.6922043010752689,3.18781328320802,medium
捷運唭哩岸站(2號出口),743,2.257065948855989,2.4338844141205933,1.1667896735604435,1.682550725072579,-0.17681846526460387,2.640274505153719,0.31763122476446837,0.6823687752355316,3.425281954887218,medium
捷運南京復興站(7號出口),742,2.532345013477089,2.5549807210746147,1.1437709593912777,1.7502370342312203,-0.022635707597525978,2.8914007897273453,0.3477088948787062,0.6522911051212938,2.9235588972431077,low
捷運萬隆站(2號出口),744,2.48252688172043,2.52086392769582,1.142545570208963,1.6504014257585,-0.03833704597538943,2.703638121158956,0.3333333333333333,0.6666666666666666,2.9573868087106376,low
捷運小巨蛋站(5號出口)_1,743,2.0484522207267832,2.084149970866779,1.1198425865921315,1.6933103323456757,-0.03569775013999576,2.672266953108058,0.34185733512786004,0.65814266487214,2.521071596428012,low
捷運臺大醫院站(4號出口),741,2.329284750337382,2.4044696590566574,1.11530866001126,1.6017233350911415,-0.075184908719276,2.63928097763283,0.3360323886639676,0.6639676113360324,3.062509791634028,low
捷運小巨蛋站(3號出口),744,2.0094086021505375,2.0536492065819894,1.1023939041555875,1.5534115587751078,-0.04424060443145204,2.5373517183766436,0.3602150537634409,0.6397849462365591,2.4105576441102756,low
捷運信義安和站(2號出口),739,2.151556156968877,2.0848795766548167,1.0999219883043039,1.6246802049154747,0.0666765803140603,2.708490758421859,0.3721244925575101,0.6278755074424899,2.471150830981499,low
臺大椰林小舖,744,1.3346774193548387,1.439471043020549,1.0958282465774536,1.8750560531825307,-0.10479362366571034,2.4309464773379017,0.2862903225806452,0.7137096774193549,2.0654761904761907,low
捷運北投站(1號出口)(北投路側),743,1.819650067294751,1.822412976378897,1.0917250271153685,1.7183802040377218,-0.002762909084145948,2.766925439145372,0.33378196500672946,0.6662180349932705,2.1110588972431077,low
捷運臺電大樓站(2號出口)_1,744,1.853494623655914,1.9351911970318851,1.0878148088195698,1.6270430395855566,-0.08169657337597097,2.5592256428665325,0.33602150537634407,0.6639784946236559,2.3920739348370925,low
捷運松江南京站(8號出口),744,2.014784946236559,1.9754467831368607,1.0807764975372811,1.6222027661733203,0.039338163099698065,2.586106905665794,0.36693548387096775,0.6330645161290323,2.256109022556391,low
捷運小南門站(1號出口),742,1.6657681940700808,1.838979398816264,1.0780721517641687,1.635499294395785,-0.17321120474618323,2.478938219673373,0.3059299191374663,0.6940700808625337,2.3275375939849625,low
捷運南京三民站(4號出口),744,1.7970430107526882,1.8415578084491502,1.0650665278347267,1.6091823494672113,-0.044514797696462015,2.317232073988676,0.31586021505376344,0.6841397849462365,2.245495848347172,low
捷運忠孝新生站(2號出口),744,1.7836021505376345,1.8486692815776502,1.0593076461308013,1.6514069060982264,-0.06506713104001584,2.3791287936016605,0.33198924731182794,0.668010752688172,2.3035714285714284,low
捷運象山站(1號出口),737,1.791044776119403,1.8486841026641068,1.0551695763711397,1.575777653073822,-0.05763932654470383,2.651855516945902,0.3147896879240163,0.6852103120759837,2.4656739811912227,low
捷運古亭站(8號出口),744,2.006720430107527,2.138673151691022,1.0523010948946017,1.5805861184249606,-0.13195272158349514,2.572320588394026,0.3010752688172043,0.6989247311827957,2.818452380952381,low
捷運後山埤站(3號出口),743,1.9703903095558546,2.062672866420417,1.0503606804411154,1.519134769064775,-0.092282556864562,2.4202537276649876,0.3405114401076716,0.6594885598923284,2.245495848347172,low
捷運後山埤站(1號出口),744,1.739247311827957,1.726172891638983,1.0459620600927306,1.5226244391174109,0.013074420188974116,2.542366337337832,0.34543010752688175,0.6545698924731183,2.150689223057644,low
捷運忠孝敦化站(7號出口),743,1.9488559892328399,2.048243563974216,1.0350295091941701,1.50228337239524,-0.09938757474137626,2.494966298202103,0.3391655450874832,0.6608344549125168,2.5546679197994986,low
臺大鹿鳴堂東側,744,1.4919354838709677,1.6074808681997235,1.0314861201953796,1.8730391540727405,-0.11554538432875583,2.5497035568892463,0.23387096774193547,0.7661290322580645,2.479636591478697,low
捷運芝山站(2號出口),743,1.3055181695827724,1.4282108018250508,1.0200573918409466,1.6440699893302027,-0.12269263224227812,2.366539689463196,0.25841184387617766,0.7415881561238223,2.076911027568922,low
捷運西門站(5號出口),742,1.7547169811320755,1.8606546434676876,1.017175759766086,1.5122147604063143,-0.10593766233561201,2.3841209859309282,0.3045822102425876,0.6954177897574124,2.307222309258969,low
松山車站,743,1.6971736204576042,1.8313868720151,1.0113381546442088,1.543756898449026,-0.1342132515574956,2.4943131855160416,0.2839838492597577,0.7160161507402423,2.3222117794486214,low
捷運萬隆站(1號出口),744,1.7150537634408602,1.8289358738594514,0.9961115397533543,1.5058763121559327,-0.11388211041859105,2.376737755568168,0.29435483870967744,0.7056451612903226,2.3074874686716793,low
捷運南京三民站(2號出口),743,1.997308209959623,2.127473488428303,0.987633413204808,1.4395041815896876,-0.13016527846867923,2.374200866020418,0.3243606998654105,0.6756393001345895,2.841453861820461,low
捷運港墘站(1號出口),743,1.8183041722745625,1.8246465659870705,0.9579840334985895,1.4248424897760457,-0.0063423937125080465,2.2782717799434646,0.34185733512786004,0.65814266487214,2.4034785333751176,low
捷運萬隆站(4號出口),743,1.6716016150740243,1.8251157911020082,0.9556894536546514,1.4105367846198609,-0.15351417602798362,2.2672879615818755,0.30955585464333785,0.6904441453566622,2.4857456140350878,low
捷運松江南京站(4號出口),743,1.6850605652759085,1.722711295779422,0.9390980186432402,1.367176859472302,-0.03765073050351346,2.1854631216484086,0.34185733512786004,0.65814266487214,2.176433719837042,low
南港車站(市民大道),743,1.3216689098250336,1.4622198447898453,0.8417882914365172,1.2424793417088904,-0.14055093496481189,2.059182693534895,0.28936742934051146,0.7106325706594886,2.104529070678577,low
捷運西湖站(1號出口),743,1.110363391655451,1.2440470664492247,0.8058953308254955,1.1592161705038466,-0.13368367479377397,1.8636529320552528,0.28263795423956933,0.7173620457604307,2.970067387556809,low
