horizon_minutes,local_hour,rows,mean_actual,mean_prediction,learned_mae,persistence_mae,learned_minus_persistence_mae,learned_improvement_percent
30,0,149112,9.552296260528998,9.563830340621065,1.1583772999944186,1.0056467621653522,0.15273053782906643,-15.187294741565916
30,1,149153,9.779333972498039,9.81448977331437,0.7752176201330491,0.6206713911218682,0.15454622901118087,-24.89984736235988
30,2,138452,9.832259555658279,9.890199329764725,0.5749576032248133,0.39693178863432815,0.1780258145904851,-44.850480532938796
30,3,149088,10.127682979180081,10.07818109158843,0.7303189644134119,0.5659140910066538,0.16440487340675813,-29.051206891546567
30,4,149088,10.389528332260141,10.350648454572035,0.7451727747159538,0.5953195428203477,0.14985323189560606,-25.1718986387833
30,5,149088,10.362732077699077,10.416762949951998,1.134943435527872,1.063029888388066,0.07191354713980602,-6.7649600378454755
30,6,149082,10.020746971465368,10.248871140851792,1.899916641747692,1.9845454179579023,-0.08462877621021025,4.264391000801246
30,7,149076,9.586573291475489,9.823899379267544,2.911752288247095,3.0951460999758513,-0.18339381172875635,5.925206946779901
30,8,149076,9.517447476454963,9.61934141058581,2.8691880277375175,2.9371126137003944,-0.06792458596287698,2.312631311650679
30,9,149076,9.412333306501381,9.556996002181124,2.371667154617629,2.353812820306421,0.017854334311207865,-0.7585282124890277
30,10,149064,9.409676380615037,9.464457336678432,2.11029238819077,2.0814146943594696,0.028877693831300455,-1.3874070318402945
30,11,149064,9.158005957172758,9.426886724931407,2.1869478901935855,2.180734449632373,0.006213440561212646,-0.2849242172635969
30,12,149064,9.207830193742286,9.276379127961771,2.2869558463999557,2.287883056941985,-0.0009272105420290444,0.04052700767268964
30,13,149055,9.508107745463084,9.528335242551671,2.195368880778899,2.1625909899030558,0.03277789087584315,-1.5156768445295572
30,14,149055,9.49673610412264,9.686694172367737,2.0901801407008147,2.077340578980913,0.012839561719901749,-0.6180768743371147
30,15,149075,9.279416401140365,9.499411627104585,2.313355010524453,2.3290424283078988,-0.015687417783445845,0.6735565480807107
30,16,149076,8.694558480238268,9.10471431208904,2.857523676421668,2.9101196705036356,-0.05259599408196758,1.8073481518670718
30,17,149082,8.12388484189909,8.458742086439717,3.0052084328668602,3.056371661233415,-0.05116322836655485,1.6739858249407944
30,18,149094,8.403087984761292,8.50672229447445,2.8660987630734813,2.8835902182515727,-0.017491455178091364,0.6065860213902751
30,19,149100,8.584527162977867,8.657485231180033,2.5166978976071457,2.5250033534540575,-0.00830545584691178,0.3289285075819959
30,20,149122,8.423103230911602,8.606469441200641,2.338182216278841,2.3415123187725486,-0.0033301024937077983,0.14222015690498188
30,21,149124,8.517093157372388,8.613778986356756,2.1671942160014797,2.1199806872133258,0.04721352878815388,-2.227073532929923
30,22,149113,8.909156143327543,8.924638490995601,1.8166627136082154,1.7207151623265577,0.09594755128165766,-5.576027536825337
30,23,149109,9.262385234962343,9.289404011226829,1.5175676105058784,1.405159983636132,0.11240762686974648,-7.999631940760888
60,0,149112,9.685967594828048,9.743567601874037,1.6347485971880733,1.4747169912548956,0.16003160593317767,-10.851682518216622
60,1,138473,9.803282950466878,9.906314338751162,1.1399461629492917,0.9119828414203491,0.2279633215289426,-24.996448526806248
60,2,138452,9.96104787218675,10.020222253123745,1.028939628903898,0.7586817091844105,0.2702579197194874,-35.622042346324264
60,3,149088,10.287447681905988,10.213090938673341,1.235707054386291,1.0321555054732776,0.2035515489130133,-19.72101566417341
60,4,149088,10.389984438720756,10.421274041469697,1.2734738910363734,1.138515507619661,0.1349583834167125,-11.853890659677997
60,5,149088,10.265742380339129,10.434887985306256,2.0364324329607104,2.1011013629534236,-0.06466892999271323,3.0778586475147978
60,6,149076,9.760162601626016,10.192678543968634,3.3424932642982905,3.6944310284687005,-0.35193776417041,9.526169563281417
60,7,149076,9.494566529823715,9.868808439947182,4.170151553337279,4.643349700823741,-0.47319814748646216,10.1908789553911
60,8,149076,9.515777187474844,9.715833685569203,3.8334878284283853,4.013147656229037,-0.17965982780065204,4.476780900941725
60,9,149070,9.379137318038506,9.59782235935001,3.1579439850047413,3.22529013215268,-0.06734614714793885,2.0880647752141757
60,10,149064,9.35284173241024,9.525282821795942,2.873891022252079,2.908455428540761,-0.03456440628868229,1.1884110703399724
60,11,149064,9.087875006708527,9.502266414392611,3.134526020596207,3.2164238179573874,-0.0818977973611803,2.5462377471508115
60,12,149061,9.371545877191217,9.531227374411223,3.063019760436828,3.121882987501761,-0.05886322706493319,1.885503950679381
60,13,149052,9.553343799479377,9.666129124708561,2.9826772236477352,2.9965985025360276,-0.01392127888829231,0.46456937345829624
60,14,149055,9.406098420046291,9.802322138139973,2.9158301681830165,2.9855154137734394,-0.06968524559042288,2.3341110640037397
60,15,149075,9.037598524232768,9.520868137287474,3.3717763618678975,3.4948784169042426,-0.12310205503634508,3.5223558691174346
60,16,149076,8.315147978212455,9.171390840528296,4.0779919564196705,4.297794413587701,-0.21980245716803015,5.114308317613175
60,17,149082,8.196207456299218,8.60034777967993,4.031290738694506,4.245502475147905,-0.2142117364533993,5.045615629889288
60,18,149094,8.57618683515098,8.728428357823601,3.7024597639834544,3.8684722389901673,-0.1660124750067129,4.291422162306873
60,19,149100,8.503393695506372,8.741062463487282,3.3477518742286008,3.472468142186452,-0.12471626795785129,3.591574144128022
60,20,149122,8.412346937406955,8.66278085948166,3.240708813329905,3.3215957404004777,-0.08088692707057277,2.4351827673291875
60,21,149119,8.697818520778707,8.780992430856875,3.036410797490479,2.999436691501418,0.036974105989060924,-1.232701663409769
60,22,149112,9.10672514619883,9.13308287476429,2.516596281962655,2.451901926068995,0.06469435589365968,-2.6385376676701227
60,23,149103,9.401829607720837,9.47562968178621,2.123286315560912,2.0304420434196495,0.09284427214126234,-4.572613753845196
