event_time,station_name,borrow_count,prediction,signed_error,absolute_error,hour
2023-12-22 08:00:00+08:00,捷運公館站(2號出口),77.0,44.259354,32.74064636230469,32.74064636230469,8
2023-12-05 18:00:00+08:00,捷運劍潭站(2號出口),70.0,37.388153,32.611846923828125,32.611846923828125,18
2023-12-21 08:00:00+08:00,捷運公館站(3號出口),51.0,20.6508,30.349199295043945,30.349199295043945,8
2023-12-11 18:00:00+08:00,捷運劍潭站(2號出口),65.0,35.079903,29.92009735107422,29.92009735107422,18
2023-12-13 19:00:00+08:00,捷運劍潭站(2號出口),6.0,35.873283,-29.87328338623047,29.87328338623047,19
2023-12-25 08:00:00+08:00,捷運中山國中站,49.0,21.553347,27.446653366088867,27.446653366088867,8
2023-12-21 08:00:00+08:00,捷運公館站(2號出口),58.0,31.51532,26.48468017578125,26.48468017578125,8
2023-12-03 08:00:00+08:00,捷運公館站(2號出口),47.0,20.51816,26.481840133666992,26.481840133666992,8
2023-12-29 08:00:00+08:00,捷運公館站(2號出口),24.0,50.193687,-26.193687438964844,26.193687438964844,8
2023-12-11 08:00:00+08:00,捷運中山國中站,46.0,20.937426,25.06257438659668,25.06257438659668,8
2023-12-29 08:00:00+08:00,捷運公館站(3號出口),6.0,30.463135,-24.463134765625,24.463134765625,8
2023-12-27 19:00:00+08:00,捷運劍潭站(2號出口),9.0,33.290718,-24.29071807861328,24.29071807861328,19
2023-12-05 08:00:00+08:00,捷運中山國中站,47.0,22.88187,24.11812973022461,24.11812973022461,8
2023-12-23 08:00:00+08:00,捷運公館站(3號出口),31.0,6.9613194,24.03868055343628,24.03868055343628,8
2023-12-11 15:00:00+08:00,捷運公館站(2號出口),52.0,28.157,23.843000411987305,23.843000411987305,15
2023-12-11 16:00:00+08:00,捷運中山國中站,37.0,13.499901,23.500099182128906,23.500099182128906,16
2023-12-07 17:00:00+08:00,捷運科技大樓站,44.0,21.14783,22.852170944213867,22.852170944213867,17
2023-12-08 18:00:00+08:00,捷運劍潭站(2號出口),71.0,48.228096,22.77190399169922,22.77190399169922,18
2023-12-07 10:00:00+08:00,捷運公館站(3號出口),27.0,4.3079786,22.692021369934082,22.692021369934082,10
2023-12-28 11:00:00+08:00,捷運公館站(2號出口),55.0,32.47241,22.527591705322266,22.527591705322266,11
2023-12-19 18:00:00+08:00,捷運龍山寺站(1號出口),47.0,24.598944,22.40105628967285,22.40105628967285,18
2023-12-25 17:00:00+08:00,捷運劍潭站(2號出口),49.0,26.973879,22.026121139526367,22.026121139526367,17
2023-12-26 17:00:00+08:00,捷運劍潭站(2號出口),16.0,37.684887,-21.684886932373047,21.684886932373047,17
2023-12-18 18:00:00+08:00,捷運劍潭站(2號出口),63.0,41.581017,21.418983459472656,21.418983459472656,18
2023-12-13 18:00:00+08:00,捷運劍潭站(2號出口),65.0,44.143864,20.856136322021484,20.856136322021484,18
2023-12-01 18:00:00+08:00,捷運劍潭站(2號出口),55.0,34.187263,20.81273651123047,20.81273651123047,18
2023-12-15 08:00:00+08:00,捷運公館站(3號出口),5.0,25.640142,-20.6401424407959,20.6401424407959,8
2023-12-11 12:00:00+08:00,捷運公館站(2號出口),46.0,25.381945,20.61805534362793,20.61805534362793,12
2023-12-20 19:00:00+08:00,捷運劍潭站(2號出口),37.0,16.698727,20.301273345947266,20.301273345947266,19
2023-12-05 15:00:00+08:00,捷運公館站(2號出口),43.0,22.925053,20.074947357177734,20.074947357177734,15
2023-12-07 12:00:00+08:00,捷運公館站(2號出口),51.0,31.217981,19.782018661499023,19.782018661499023,12
2023-12-21 09:00:00+08:00,捷運科技大樓站,33.0,13.315108,19.68489170074463,19.68489170074463,9
2023-12-08 08:00:00+08:00,捷運公館站(3號出口),3.0,22.492676,-19.49267578125,19.49267578125,8
2023-12-14 19:00:00+08:00,捷運劍潭站(2號出口),12.0,31.475191,-19.475191116333008,19.475191116333008,19
2023-12-05 12:00:00+08:00,捷運公館站(3號出口),29.0,9.544497,19.455503463745117,19.455503463745117,12
2023-12-07 18:00:00+08:00,捷運劍潭站(2號出口),51.0,31.69017,19.309829711914062,19.309829711914062,18
2023-12-11 09:00:00+08:00,捷運公館站(2號出口),41.0,21.72906,19.27094078063965,19.27094078063965,9
2023-12-06 18:00:00+08:00,捷運六張犁站,31.0,11.88877,19.11122989654541,19.11122989654541,18
2023-12-01 18:00:00+08:00,捷運芝山站(2號出口)_1,56.0,36.927185,19.07281494140625,19.07281494140625,18
2023-12-25 11:00:00+08:00,捷運公館站(2號出口),39.0,19.933731,19.066268920898438,19.066268920898438,11
2023-12-29 09:00:00+08:00,捷運公館站(2號出口),10.0,29.047266,-19.047266006469727,19.047266006469727,9
2023-12-11 08:00:00+08:00,捷運松江南京站(7號出口),30.0,11.07838,18.92162036895752,18.92162036895752,8
2023-12-05 07:00:00+08:00,捷運公館站(2號出口),15.0,33.705944,-18.705944061279297,18.705944061279297,7
2023-12-23 17:00:00+08:00,捷運公館站(2號出口),13.0,31.65194,-18.651939392089844,18.651939392089844,17
2023-12-13 13:00:00+08:00,捷運公館站(2號出口),40.0,21.472857,18.527143478393555,18.527143478393555,13
2023-12-03 21:00:00+08:00,捷運公館站(3號出口),29.0,10.5077915,18.49220848083496,18.49220848083496,21
2023-12-26 10:00:00+08:00,捷運公館站(2號出口),39.0,20.5263,18.47369956970215,18.47369956970215,10
2023-12-07 09:00:00+08:00,捷運公館站(2號出口),35.0,16.631954,18.368045806884766,18.368045806884766,9
2023-12-29 18:00:00+08:00,捷運龍山寺站(1號出口),46.0,27.64626,18.353740692138672,18.353740692138672,18
2023-12-24 21:00:00+08:00,捷運公館站(2號出口),42.0,23.79153,18.20846939086914,18.20846939086914,21
2023-12-18 19:00:00+08:00,捷運古亭站(2號出口),31.0,12.8226795,18.17732048034668,18.17732048034668,19
2023-12-07 08:00:00+08:00,捷運公館站(3號出口),2.0,20.13052,-18.13051986694336,18.13051986694336,8
2023-12-26 18:00:00+08:00,捷運芝山站(2號出口)_1,24.0,41.944996,-17.944995880126953,17.944995880126953,18
2023-12-11 11:00:00+08:00,捷運公館站(2號出口),31.0,13.07869,17.921310424804688,17.921310424804688,11
2023-12-26 18:00:00+08:00,捷運公館站(2號出口),53.0,35.164932,17.835067749023438,17.835067749023438,18
2023-12-11 18:00:00+08:00,捷運行天宮站(3號出口),32.0,14.236885,17.76311492919922,17.76311492919922,18
2023-12-07 11:00:00+08:00,捷運公館站(2號出口),34.0,16.270021,17.729978561401367,17.729978561401367,11
2023-12-01 10:00:00+08:00,捷運公館站(2號出口),8.0,25.66084,-17.660839080810547,17.660839080810547,10
2023-12-08 10:00:00+08:00,捷運公館站(2號出口),36.0,18.344887,17.655113220214844,17.655113220214844,10
2023-12-03 21:00:00+08:00,捷運公館站(2號出口),42.0,24.37271,17.627290725708008,17.627290725708008,21
2023-12-11 08:00:00+08:00,南京遼寧街口,23.0,5.4403167,17.559683322906494,17.559683322906494,8
2023-12-12 07:00:00+08:00,捷運公館站(2號出口),42.0,24.526718,17.473281860351562,17.473281860351562,7
2023-12-03 20:00:00+08:00,捷運公館站(2號出口),42.0,24.544163,17.45583724975586,17.45583724975586,20
2023-12-15 22:00:00+08:00,捷運公館站(2號出口),42.0,24.556213,17.44378662109375,17.44378662109375,22
2023-12-18 17:00:00+08:00,捷運芝山站(2號出口)_1,52.0,34.58552,17.414478302001953,17.414478302001953,17
2023-12-01 22:00:00+08:00,捷運公館站(3號出口),27.0,9.733583,17.266416549682617,17.266416549682617,22
2023-12-27 08:00:00+08:00,捷運中山國中站,50.0,32.819023,17.18097686767578,17.18097686767578,8
2023-12-14 23:00:00+08:00,捷運公館站(2號出口),28.0,10.829759,17.170241355895996,17.170241355895996,23
2023-12-15 13:00:00+08:00,捷運公館站(3號出口),40.0,22.876421,17.123579025268555,17.123579025268555,13
2023-12-11 18:00:00+08:00,捷運龍山寺站(1號出口)_1,28.0,10.901574,17.09842586517334,17.09842586517334,18
2023-12-19 08:00:00+08:00,捷運公館站(3號出口),32.0,15.057226,16.942773818969727,16.942773818969727,8
2023-12-19 07:00:00+08:00,捷運公館站(2號出口),53.0,36.066574,16.933425903320312,16.933425903320312,7
2023-12-26 19:00:00+08:00,捷運劍潭站(2號出口),40.0,23.13034,16.869659423828125,16.869659423828125,19
2023-12-05 08:00:00+08:00,捷運公館站(2號出口),35.0,18.220858,16.779142379760742,16.779142379760742,8
2023-12-14 08:00:00+08:00,捷運中山國中站,58.0,41.2327,16.76729965209961,16.76729965209961,8
2023-12-19 19:00:00+08:00,捷運劍潭站(2號出口),17.0,33.569736,-16.56973648071289,16.56973648071289,19
2023-12-12 19:00:00+08:00,捷運劍潭站(2號出口),40.0,23.45991,16.540090560913086,16.540090560913086,19
2023-12-04 18:00:00+08:00,捷運劍潭站(2號出口),6.0,22.533075,-16.5330753326416,16.5330753326416,18
2023-12-21 17:00:00+08:00,捷運劍潭站(2號出口),39.0,22.539448,16.460552215576172,16.460552215576172,17
2023-12-26 09:00:00+08:00,捷運公館站(2號出口),19.0,35.418304,-16.418304443359375,16.418304443359375,9
2023-12-09 16:00:00+08:00,捷運公館站(2號出口),53.0,36.583183,16.41681671142578,16.41681671142578,16
2023-12-05 07:00:00+08:00,捷運芝山站(2號出口)_1,25.0,8.585897,16.41410255432129,16.41410255432129,7
2023-12-25 21:00:00+08:00,捷運公館站(2號出口),48.0,31.797913,16.20208740234375,16.20208740234375,21
2023-12-02 21:00:00+08:00,捷運劍南路站(2號出口),22.0,5.82468,16.175320148468018,16.175320148468018,21
2023-12-11 16:00:00+08:00,捷運劍潭站(2號出口),32.0,15.935449,16.06455135345459,16.06455135345459,16
2023-12-29 17:00:00+08:00,捷運芝山站(2號出口)_1,50.0,33.956806,16.043193817138672,16.043193817138672,17
2023-12-06 07:00:00+08:00,捷運公館站(3號出口),12.0,28.009436,-16.009435653686523,16.009435653686523,7
2023-12-28 19:00:00+08:00,捷運永春站(2號出口),27.0,11.040848,15.959152221679688,15.959152221679688,19
2023-12-30 16:00:00+08:00,捷運公館站(2號出口),46.0,30.050312,15.949687957763672,15.949687957763672,16
2023-12-04 17:00:00+08:00,捷運公館站(2號出口),15.0,30.931677,-15.931676864624023,15.931676864624023,17
2023-12-13 18:00:00+08:00,捷運公館站(3號出口),37.0,21.132956,15.867044448852539,15.867044448852539,18
2023-12-12 10:00:00+08:00,捷運公館站(2號出口),30.0,14.189385,15.810614585876465,15.810614585876465,10
2023-12-28 18:00:00+08:00,捷運古亭站(5號出口),27.0,11.208388,15.791611671447754,15.791611671447754,18
2023-12-18 21:00:00+08:00,捷運公館站(2號出口),38.0,22.221565,15.778434753417969,15.778434753417969,21
2023-12-06 18:00:00+08:00,捷運公館站(2號出口),53.0,37.25077,15.749229431152344,15.749229431152344,18
2023-12-19 07:00:00+08:00,捷運公館站(3號出口),35.0,19.262968,15.737031936645508,15.737031936645508,7
2023-12-28 17:00:00+08:00,捷運龍山寺站(1號出口),16.0,31.698437,-15.698436737060547,15.698436737060547,17
2023-12-07 17:00:00+08:00,捷運六張犁站,27.0,11.353774,15.646225929260254,15.646225929260254,17
2023-12-26 18:00:00+08:00,捷運圓山站(1號出口),44.0,28.38564,15.614360809326172,15.614360809326172,18
2023-12-23 07:00:00+08:00,捷運公館站(2號出口),7.0,22.600836,-15.600835800170898,15.600835800170898,7
